,Movie Title,Opening Amount,Total Gross,% of Total,Release Date,Production Company
0,Avengers: Endgame,"$357,115,007","$76,601",41.6%,"Apr 26, 2019","Walt Disney Studios Motion Pictures

"
1,Avengers: Infinity War,"$257,698,183","$57,599",38%,"Apr 27, 2018","Walt Disney Studios Motion Pictures

"
2,Star Wars: Episode VII - The Force Awakens,"$247,966,675","$59,982",26.5%,"Dec 18, 2015","Walt Disney Studios Motion Pictures

"
3,Star Wars: Episode VIII - The Last Jedi,"$220,009,584","$51,987",35.5%,"Dec 15, 2017","Walt Disney Studios Motion Pictures

"
4,Jurassic World,"$208,806,270","$48,855",32%,"Jun 12, 2015","Universal Pictures

"
5,The Avengers,"$207,438,708","$47,698",33.3%,"May 4, 2012","Walt Disney Studios Motion Pictures

"
6,Black Panther,"$202,003,951","$50,249",28.9%,"Feb 16, 2018","Walt Disney Studios Motion Pictures

"
7,The Lion King,"$191,770,759","$40,586",35.3%,"Jul 19, 2019","Walt Disney Studios Motion Pictures

"
8,Avengers: Age of Ultron,"$191,271,109","$44,731",41.7%,"May 1, 2015","Walt Disney Studios Motion Pictures

"
9,Incredibles 2,"$182,687,905","$41,425",30%,"Jun 15, 2018","Walt Disney Studios Motion Pictures

"
10,Captain America: Civil War,"$179,139,142","$42,389",43.9%,"May 6, 2016","Walt Disney Studios Motion Pictures

"
11,Star Wars: The Rise Of Skywalker,"$177,383,864","$40,259",36.7%,"Dec 20, 2019","Walt Disney Studios Motion Pictures

"
12,Beauty and the Beast,"$174,750,616","$41,508",34.7%,"Mar 17, 2017","Walt Disney Studios Motion Pictures

"
13,Iron Man 3,"$174,144,585","$40,946",42.6%,"May 3, 2013","Walt Disney Studios Motion Pictures

"
14,Harry Potter and the Deathly Hallows: Part 2,"$169,189,427","$38,671",44.4%,"Jul 15, 2011","Warner Bros.

"
15,Batman v Superman: Dawn of Justice,"$166,007,347","$39,134",50.2%,"Mar 25, 2016","Warner Bros.

"
16,The Dark Knight Rises,"$160,887,295","$36,532",35.9%,"Jul 20, 2012","Warner Bros.

"
17,The Dark Knight,"$158,411,483","$36,282",29.7%,"Jul 18, 2008","Warner Bros.

"
18,The Hunger Games: Catching Fire,"$158,074,286","$37,971",37.2%,"Nov 22, 2013","Lionsgate

"
19,Rogue One: A Star Wars Story,"$155,081,681","$37,306",29.1%,"Dec 16, 2016","Walt Disney Studios Motion Pictures

"
20,Captain Marvel,"$153,433,423","$35,599",36%,"Mar 8, 2019","Walt Disney Studios Motion Pictures

"
21,The Hunger Games,"$152,535,747","$36,871",37.4%,"Mar 23, 2012","Lionsgate

"
22,Spider-Man 3,"$151,116,516","$35,540",44.9%,"May 4, 2007","Sony Pictures Releasing

"
23,Jurassic World: Fallen Kingdom,"$148,024,610","$33,078",35.4%,"Jun 22, 2018","Universal Pictures

"
24,Furious 7,"$147,187,040","$36,760",41.7%,"Apr 3, 2015","Universal Pictures

"
25,Guardians of the Galaxy Vol. 2,"$146,510,104","$33,703",37.6%,"May 5, 2017","Walt Disney Studios Motion Pictures

"
26,The Twilight Saga: New Moon,"$142,839,137","$35,496",48.2%,"Nov 20, 2009","Summit Entertainment

"
27,The Twilight Saga: Breaking Dawn - Part 2,"$141,067,634","$34,660",48.3%,"Nov 16, 2012","Lionsgate

"
28,The Twilight Saga: Breaking Dawn - Part 1,"$138,122,261","$34,011",49.1%,"Nov 18, 2011","Summit Entertainment

"
29,Pirates of the Caribbean: Dead Man's Chest,"$135,634,554","$32,817",32%,"Jul 7, 2006","Walt Disney Studios Motion Pictures

"
30,Finding Dory,"$135,060,273","$31,372",27.8%,"Jun 17, 2016","Walt Disney Studios Motion Pictures

"
31,Suicide Squad,"$133,682,248","$31,417",41.1%,"Aug 5, 2016","Warner Bros.

"
32,Deadpool,"$132,434,639","$37,221",36.5%,"Feb 12, 2016","Twentieth Century Fox

"
33,Frozen II,"$130,263,358","$29,338",28.2%,"Nov 22, 2019","Walt Disney Studios Motion Pictures

"
34,Iron Man 2,"$128,122,480","$29,251",41%,"May 7, 2010","Paramount Pictures

"
35,Deadpool 2,"$125,507,153","$28,858",39.4%,"May 18, 2018","Twentieth Century Fox

"
36,Harry Potter and the Deathly Hallows: Part 1,"$125,017,372","$30,307",42.2%,"Nov 19, 2010","Warner Bros.

"
37,It,"$123,403,419","$30,076",37.7%,"Sep 8, 2017","Warner Bros.

"
38,Thor: Ragnarok,"$122,744,989","$30,084",39%,"Nov 3, 2017","Walt Disney Studios Motion Pictures

"
39,The Hunger Games: Mockingjay - Part 1,"$121,897,634","$29,365",36.2%,"Nov 21, 2014","Lionsgate

"
40,Shrek the Third,"$121,629,270","$29,507",37.7%,"May 18, 2007","DreamWorks

"
41,Toy Story 4,"$120,908,065","$26,427",27.9%,"Jun 21, 2019","Walt Disney Studios Motion Pictures

"
42,Spider-Man: Homecoming,"$117,027,503","$26,915",35%,"Jul 7, 2017","Sony Pictures Releasing

"
43,Man of Steel,"$116,619,362","$27,720",40.1%,"Jun 14, 2013","Warner Bros.

"
44,Alice in Wonderland,"$116,101,023","$31,142",34.7%,"Mar 5, 2010","Walt Disney Studios Motion Pictures

"
45,Minions,"$115,718,405","$26,905",34.4%,"Jul 10, 2015","Universal Pictures

"
46,Spider-Man,"$114,844,116","$31,768",28.4%,"May 3, 2002","Sony Pictures Releasing

"
47,Pirates of the Caribbean: At World's End,"$114,732,820","$26,302",37.1%,"May 25, 2007","Walt Disney Studios Motion Pictures

"
48,Toy Story 3,"$110,307,189","$27,385",26.6%,"Jun 18, 2010","Walt Disney Studios Motion Pictures

"
49,Transformers: Revenge of the Fallen,"$108,966,307","$25,736",27.1%,"Jun 24, 2009","DreamWorks

"
50,Star Wars: Episode III - Revenge of the Sith,"$108,435,841","$29,619",28.5%,"May 19, 2005","Twentieth Century Fox

"
51,Shrek 2,"$108,037,878","$25,951",24.5%,"May 19, 2004","DreamWorks Distribution

"
52,The Secret Life of Pets,"$104,352,905","$23,879",28.3%,"Jul 8, 2016","Universal Pictures

"
53,The Jungle Book,"$103,261,464","$25,635",28.4%,"Apr 15, 2016","Walt Disney Studios Motion Pictures

"
54,Wonder Woman,"$103,251,471","$24,790",25%,"Jun 2, 2017","Warner Bros.

"
55,X-Men: The Last Stand,"$102,750,665","$27,845",43.8%,"May 26, 2006","Twentieth Century Fox

"
56,Harry Potter and the Goblet of Fire,"$102,685,961","$26,616",35.4%,"Nov 18, 2005","Warner Bros.

"
57,The Hunger Games: Mockingjay - Part 2,"$102,665,981","$24,590",36.4%,"Nov 20, 2015","Lionsgate

"
58,Indiana Jones and the Kingdom of the Crystal Skull,"$100,137,835","$23,506",31.6%,"May 22, 2008","Paramount Pictures

"
59,Transformers: Age of Extinction,"$100,038,390","$23,632",40.8%,"Jun 27, 2014","Paramount Pictures

"
60,The Fate of the Furious,"$98,786,705","$22,920",43.7%,"Apr 14, 2017","Universal Pictures

"
61,Iron Man,"$98,618,668","$24,024",31%,"May 2, 2008","Paramount Pictures

"
62,Transformers: Dark of the Moon,"$97,852,865","$23,936",27.8%,"Jun 29, 2011","DreamWorks

"
63,Fast & Furious 6,"$97,375,245","$26,619",40.8%,"May 24, 2013","Universal Pictures

"
64,Joker,"$96,202,337","$21,994",28.8%,"Oct 4, 2019","Warner Bros.

"
65,Captain America: The Winter Soldier,"$95,023,721","$24,129",36.6%,"Apr 4, 2014","Walt Disney Studios Motion Pictures

"
66,Guardians of the Galaxy,"$94,320,883","$23,117",28.3%,"Aug 1, 2014","Walt Disney Studios Motion Pictures

"
67,Justice League,"$93,842,239","$23,165",41%,"Nov 17, 2017","Warner Bros.

"
68,Harry Potter and the Prisoner of Azkaban,"$93,687,367","$24,302",37.5%,"Jun 4, 2004","Warner Bros.

"
69,Godzilla,"$93,188,384","$23,580",46.4%,"May 16, 2014","Warner Bros.

"
70,Spider-Man: Far from Home,"$92,579,212","$19,978",23.7%,"Jul 2, 2019","Sony Pictures Releasing

"
71,The Matrix Reloaded,"$91,774,413","$25,471",32.6%,"May 15, 2003","Warner Bros.

"
72,The Amazing Spider-Man 2,"$91,608,337","$21,186",45.2%,"May 2, 2014","Sony Pictures Releasing

"
73,Aladdin,"$91,500,929","$20,442",25.7%,"May 24, 2019","Walt Disney Studios Motion Pictures

"
74,It Chapter Two,"$91,062,152","$19,926",43%,"Sep 6, 2019","Warner Bros.

"
75,X-Men: Days of Future Past,"$90,823,660","$22,728",38.8%,"May 23, 2014","Twentieth Century Fox

"
76,Inside Out,"$90,440,272","$22,919",25.4%,"Jun 19, 2015","Walt Disney Studios Motion Pictures

"
77,Harry Potter and the Sorcerer's Stone,"$90,294,621","$24,590",28.4%,"Nov 16, 2001","Warner Bros.

"
78,Pirates of the Caribbean: On Stranger Tides,"$90,151,958","$21,697",37.4%,"May 20, 2011","Walt Disney Studios Motion Pictures

"
79,Logan,"$88,411,916","$21,717",39.1%,"Mar 3, 2017","Twentieth Century Fox

"
80,Skyfall,"$88,364,714","$25,211",29%,"Nov 9, 2012","Sony Pictures Releasing

"
81,Harry Potter and the Chamber of Secrets,"$88,357,488","$23,997",33.7%,"Nov 15, 2002","Warner Bros.

"
82,Spider-Man 2,"$88,156,227","$21,232",23.6%,"Jun 30, 2004","Sony Pictures Releasing

"
83,Fast Five,"$86,198,765","$23,654",41.1%,"Apr 29, 2011","Universal Pictures

"
84,The Hangover Part II,"$85,946,294","$23,774",33.8%,"May 26, 2011","Warner Bros.

"
85,Thor: The Dark World,"$85,737,841","$22,321",41.6%,"Nov 8, 2013","Walt Disney Studios Motion Pictures

"
86,X2: X-Men United,"$85,558,731","$22,870",39.8%,"May 2, 2003","Twentieth Century Fox

"
87,Fifty Shades of Grey,"$85,171,450","$23,360",51.3%,"Feb 13, 2015","Universal Pictures

"
88,Doctor Strange,"$85,058,311","$21,910",36.6%,"Nov 4, 2016","Walt Disney Studios Motion Pictures

"
89,X-Men Origins: Wolverine,"$85,058,003","$20,750",47.3%,"May 1, 2009","Twentieth Century Fox

"
90,The Hobbit: An Unexpected Journey,"$84,617,303","$20,918",27.9%,"Dec 14, 2012","Warner Bros.

"
91,Solo: A Star Wars Story,"$84,420,489","$19,269",39.5%,"May 25, 2018","Walt Disney Studios Motion Pictures

"
92,The Passion of the Christ,"$83,848,082","$27,554",22.6%,"Feb 25, 2004","Newmarket Films

"
93,Despicable Me 2,"$83,517,315","$20,895",22.7%,"Jul 3, 2013","Universal Pictures

"
94,Monsters University,"$82,429,469","$20,586",30.7%,"Jun 21, 2013","Walt Disney Studios Motion Pictures

"
95,Venom,"$80,255,756","$18,883",37.6%,"Oct 5, 2018","Sony Pictures Releasing

"
96,Star Wars: Episode II - Attack of the Clones,"$80,027,814","$25,317",26.5%,"May 16, 2002","Twentieth Century Fox

"
97,Oz the Great and Powerful,"$79,110,453","$20,222",33.7%,"Mar 8, 2013","Walt Disney Studios Motion Pictures

"
98,Harry Potter and the Half-Blood Prince,"$77,835,727","$17,996",25.8%,"Jul 15, 2009","Warner Bros.

"
99,I Am Legend,"$77,211,321","$21,411",30.1%,"Dec 14, 2007","Warner Bros.

"
100,Harry Potter and the Order of the Phoenix,"$77,108,414","$17,994",26.4%,"Jul 11, 2007","Warner Bros.

"
101,The Da Vinci Code,"$77,073,388","$20,635",35.4%,"May 19, 2006","Sony Pictures Releasing

"
102,Avatar,"$77,025,481","$22,313",10.3%,"Dec 18, 2009","Twentieth Century Fox

"
103,Halloween,"$76,221,545","$19,404",47.8%,"Oct 19, 2018","Universal Pictures

"
104,Ant-Man and the Wasp,"$75,812,205","$18,024",35%,"Jul 6, 2018","Walt Disney Studios Motion Pictures

"
105,Star Trek,"$75,204,289","$19,538",29.2%,"May 8, 2009","Paramount Pictures

"
106,Zootopia,"$75,063,401","$19,614",22%,"Mar 4, 2016","Walt Disney Studios Motion Pictures

"
107,Fantastic Beasts and Where to Find Them,"$74,403,387","$17,954",31.8%,"Nov 18, 2016","Warner Bros.

"
108,The Simpsons Movie,"$74,036,787","$18,877",40.4%,"Jul 27, 2007","Twentieth Century Fox

"
109,The Hobbit: The Desolation of Smaug,"$73,645,197","$18,868",28.5%,"Dec 13, 2013","Warner Bros.

"
110,Austin Powers in Goldmember,"$73,071,188","$20,224",34.3%,"Jul 26, 2002","New Line Cinema

"
111,The Lord of the Rings: The Return of the King,"$72,629,713","$19,613",19.3%,"Dec 17, 2003","New Line Cinema

"
112,Dawn of the Planet of the Apes,"$72,611,427","$18,303",34.8%,"Jul 11, 2014","Twentieth Century Fox

"
113,Despicable Me 3,"$72,434,025","$15,993",27.4%,"Jun 30, 2017","Universal Pictures

"
114,The Lost World: Jurassic Park,"$72,132,785","$21,985",31.5%,"May 23, 1997","Universal Pictures

"
115,Us,"$71,117,625","$19,010",40.6%,"Mar 22, 2019","Universal Pictures

"
116,Fast & Furious,"$70,950,500","$20,500",45.8%,"Apr 3, 2009","Universal Pictures

"
117,300,"$70,885,301","$22,844",33.7%,"Mar 9, 2007","Warner Bros.

"
118,Shrek Forever After,"$70,838,207","$16,251",29.7%,"May 21, 2010","DreamWorks

"
119,Transformers,"$70,502,384","$17,577",22.1%,"Jul 3, 2007","DreamWorks

"
120,The Incredibles,"$70,467,623","$17,917",27%,"Nov 5, 2004","Walt Disney Studios Motion Pictures

"
121,Spectre,"$70,403,148","$17,918",35.2%,"Nov 6, 2015","Sony Pictures Releasing

"
122,Finding Nemo,"$70,251,710","$20,821",20.7%,"May 30, 2003","Walt Disney Studios Motion Pictures

"
123,The Lorax,"$70,217,070","$18,830",32.8%,"Mar 2, 2012","Universal Pictures

"
124,Star Trek Into Darkness,"$70,165,559","$18,140",30.7%,"May 16, 2013","Paramount Pictures

"
125,Twilight,"$69,637,740","$20,367",36.1%,"Nov 21, 2008","Summit Entertainment

"
126,Maleficent,"$69,431,298","$17,586",28.8%,"May 30, 2014","Walt Disney Studios Motion Pictures

"
127,The Bourne Ultimatum,"$69,283,690","$18,929",30.5%,"Aug 3, 2007","Universal Pictures

"
128,Pitch Perfect 2,"$69,216,890","$19,930",37.6%,"May 15, 2015","Universal Pictures

"
129,The Lego Movie,"$69,050,279","$18,291",26.8%,"Feb 7, 2014","Warner Bros.

"
130,The Day After Tomorrow,"$68,743,584","$20,071",36.8%,"May 28, 2004","Twentieth Century Fox

"
131,Planet of the Apes,"$68,532,960","$19,580",38.1%,"Jul 27, 2001","Twentieth Century Fox

"
132,The Mummy Returns,"$68,139,035","$20,035",33.7%,"May 4, 2001","Universal Pictures

"
133,Up,"$68,108,790","$18,085",23.2%,"May 29, 2009","Walt Disney Studios Motion Pictures

"
134,Ice Age: The Meltdown,"$68,033,544","$17,162",34.8%,"Mar 31, 2006","Twentieth Century Fox

"
135,Bruce Almighty,"$67,953,330","$19,510",28%,"May 23, 2003","Universal Pictures

"
136,Cinderella,"$67,877,361","$17,653",33.7%,"Mar 13, 2015","Walt Disney Studios Motion Pictures

"
137,Aquaman,"$67,873,522","$16,454",20.3%,"Dec 21, 2018","Warner Bros.

"
138,Dr. Seuss' The Grinch,"$67,572,855","$16,318",25%,"Nov 9, 2018","Universal Pictures

"
139,Quantum of Solace,"$67,528,882","$19,567",40.1%,"Nov 14, 2008","Sony Pictures Releasing

"
140,Rush Hour 2,"$67,408,222","$21,619",29.8%,"Aug 3, 2001","New Line Cinema

"
141,World War Z,"$66,411,834","$18,411",32.8%,"Jun 21, 2013","Paramount Pictures

"
142,Brave,"$66,323,594","$15,927",28%,"Jun 22, 2012","Walt Disney Studios Motion Pictures

"
143,Cars 2,"$66,135,507","$16,071",34.5%,"Jun 24, 2011","Walt Disney Studios Motion Pictures

"
144,X-Men: Apocalypse,"$65,769,562","$15,848",42.3%,"May 27, 2016","Twentieth Century Fox

"
145,Thor,"$65,723,338","$16,617",36.3%,"May 6, 2011","Paramount Pictures

"
146,Teenage Mutant Ninja Turtles,"$65,575,105","$17,054",34.3%,"Aug 8, 2014","Paramount Pictures

"
147,"The Chronicles of Narnia: The Lion, the Witch and the Wardrobe","$65,556,312","$18,129",22.5%,"Dec 9, 2005","Walt Disney Studios Motion Pictures

"
148,2012,"$65,237,614","$19,164",39.3%,"Nov 13, 2009","Sony Pictures Releasing

"
149,Captain America: The First Avenger,"$65,058,524","$17,512",36.8%,"Jul 22, 2011","Paramount Pictures

"
150,War of the Worlds,"$64,878,725","$16,601",27.7%,"Jun 29, 2005","Paramount Pictures

"
151,The Twilight Saga: Eclipse,"$64,832,191","$14,510",21.6%,"Jun 30, 2010","Summit Entertainment

"
152,Star Wars: Episode I - The Phantom Menace,"$64,820,970","$21,825",15%,"May 19, 1999","Twentieth Century Fox

"
153,Madagascar: Escape 2 Africa,"$63,106,589","$15,558",35.1%,"Nov 7, 2008","DreamWorks

"
154,WALL·E,"$63,087,526","$15,803",28.2%,"Jun 27, 2008","Walt Disney Studios Motion Pictures

"
155,Pirates of the Caribbean: Dead Men Tell No Tales,"$62,983,253","$14,729",36.5%,"May 26, 2017","Walt Disney Studios Motion Pictures

"
156,Inception,"$62,785,337","$16,557",21.5%,"Jul 16, 2010","Warner Bros.

"
157,Hancock,"$62,603,879","$15,789",27.5%,"Jul 2, 2008","Sony Pictures Releasing

"
158,"Monsters, Inc.","$62,577,067","$19,331",24.5%,"Nov 2, 2001","Walt Disney Studios Motion Pictures

"
159,Sherlock Holmes,"$62,304,277","$17,182",29.8%,"Dec 25, 2009","Warner Bros.

"
160,Fantastic Beasts: The Crimes of Grindelwald,"$62,163,104","$14,932",39%,"Nov 16, 2018","Warner Bros.

"
161,Hulk,"$62,128,420","$16,974",47%,"Jun 20, 2003","Universal Pictures

"
162,The Lord of the Rings: The Two Towers,"$62,007,528","$17,119",18.2%,"Dec 18, 2002","New Line Cinema

"
163,The Amazing Spider-Man,"$62,004,688","$14,359",23.7%,"Jul 3, 2012","Sony Pictures Releasing

"
164,Mission: Impossible - Fallout,"$61,236,534","$13,961",27.8%,"Jul 27, 2018","Paramount Pictures

"
165,Clash of the Titans,"$61,235,105","$16,212",37.5%,"Apr 2, 2010","Warner Bros.

"
166,Kong: Skull Island,"$61,025,472","$15,867",36.3%,"Mar 10, 2017","Warner Bros.

"
167,Madagascar 3: Europe's Most Wanted,"$60,316,738","$14,165",27.9%,"Jun 8, 2012","DreamWorks

"
168,Kung Fu Panda,"$60,239,130","$14,642",28%,"Jun 6, 2008","DreamWorks

"
169,Straight Outta Compton,"$60,200,180","$21,835",37.4%,"Aug 14, 2015","Universal Pictures

"
170,Cars,"$60,119,509","$15,086",24.6%,"Jun 9, 2006","Walt Disney Studios Motion Pictures

"
171,Signs,"$60,117,080","$18,418",26.4%,"Aug 2, 2002","Walt Disney Studios Motion Pictures

"
172,Fast & Furious Presents: Hobbs & Shaw,"$60,038,950","$14,116",34.5%,"Aug 2, 2019","Universal Pictures

"
173,Monsters vs. Aliens,"$59,321,095","$14,454",29.9%,"Mar 27, 2009","DreamWorks

"
174,Star Trek Beyond,"$59,253,211","$15,084",37.3%,"Jul 22, 2016","Paramount Pictures

"
175,Jumanji: The Next Level,"$59,251,543","$14,017",22.7%,"Dec 13, 2019","Sony Pictures Releasing

"
176,Jason Bourne,"$59,215,365","$14,708",36.4%,"Jul 29, 2016","Universal Pictures

"
177,Pearl Harbor,"$59,078,912","$18,381",29.8%,"May 25, 2001","Walt Disney Studios Motion Pictures

"
178,Fantastic 4: Rise of the Silver Surfer,"$58,051,684","$14,663",44%,"Jun 15, 2007","Twentieth Century Fox

"
179,Hannibal,"$58,003,121","$17,957",35.1%,"Feb 9, 2001","Metro-Goldwyn-Mayer (MGM)

"
180,Mission: Impossible II,"$57,845,297","$15,835",26.8%,"May 24, 2000","Paramount Pictures

"
181,Ant-Man,"$57,225,526","$14,840",31.8%,"Jul 17, 2015","Walt Disney Studios Motion Pictures

"
182,22 Jump Street,"$57,071,445","$17,262",29.8%,"Jun 13, 2014","Sony Pictures Releasing

"
183,Sex and the City,"$57,038,404","$17,363",37.4%,"May 30, 2008","Warner Bros.

"
184,John Wick: Chapter 3 - Parabellum,"$56,818,067","$14,757",33.2%,"May 17, 2019","Lionsgate

"
185,Moana,"$56,631,401","$14,614",22.8%,"Nov 23, 2016","Walt Disney Studios Motion Pictures

"
186,Despicable Me,"$56,397,125","$16,224",22.4%,"Jul 9, 2010","Universal Pictures

"
187,War for the Planet of the Apes,"$56,262,929","$13,988",38.3%,"Jul 14, 2017","Twentieth Century Fox

"
188,Valentine's Day,"$56,260,707","$15,350",50.9%,"Feb 12, 2010","Warner Bros.

"
189,Ralph Breaks the Internet,"$56,237,634","$13,999",28%,"Nov 21, 2018","Walt Disney Studios Motion Pictures

"
190,Snow White and the Huntsman,"$56,217,700","$14,900",36.2%,"Jun 1, 2012","Universal Pictures

"
191,Big Hero 6,"$56,215,889","$14,947",25.3%,"Nov 7, 2014","Walt Disney Studios Motion Pictures

"
192,Charlie and the Chocolate Factory,"$56,178,450","$14,901",27.2%,"Jul 15, 2005","Warner Bros.

"
193,Fantastic Four,"$56,061,504","$15,563",36.2%,"Jul 8, 2005","Twentieth Century Fox

"
194,Gravity,"$55,785,112","$15,604",20.4%,"Oct 4, 2013","Warner Bros.

"
195,The Karate Kid,"$55,665,805","$15,196",31.5%,"Jun 11, 2010","Sony Pictures Releasing

"
196,Mission: Impossible - Rogue Nation,"$55,520,089","$14,034",28.5%,"Jul 31, 2015","Paramount Pictures

"
197,The Incredible Hulk,"$55,414,050","$15,810",41.1%,"Jun 13, 2008","Universal Pictures

"
198,The SpongeBob Movie: Sponge Out of Water,"$55,365,012","$15,205",34%,"Feb 6, 2015","Paramount Pictures

"
199,Watchmen,"$55,214,334","$15,290",51.4%,"Mar 6, 2009","Warner Bros.

"
200,X-Men: First Class,"$55,101,604","$15,133",37.6%,"Jun 3, 2011","Twentieth Century Fox

"
201,How the Grinch Stole Christmas,"$55,082,330","$17,615",21.2%,"Nov 17, 2000","Universal Pictures

"
202,The Chronicles of Narnia: Prince Caspian,"$55,034,805","$14,007",38.9%,"May 16, 2008","Walt Disney Studios Motion Pictures

"
203,How to Train Your Dragon: The Hidden World,"$55,022,245","$12,919",34.2%,"Feb 22, 2019","Universal Pictures

"
204,Rise of the Planet of the Apes,"$54,806,191","$15,023",31%,"Aug 5, 2011","Twentieth Century Fox

"
205,The Hobbit: The Battle of the Five Armies,"$54,724,334","$14,122",21.4%,"Dec 17, 2014","Warner Bros.

"
206,G.I. Joe: The Rise of Cobra,"$54,713,046","$13,654",36.4%,"Aug 7, 2009","Paramount Pictures

"
207,Divergent,"$54,607,747","$13,873",36.2%,"Mar 21, 2014","Lionsgate

"
208,Men in Black 3,"$54,592,779","$12,851",30.5%,"May 25, 2012","Sony Pictures Releasing

"
209,San Andreas,"$54,588,173","$14,452",35.2%,"May 29, 2015","Warner Bros.

"
210,X-Men,"$54,471,475","$18,007",34.6%,"Jul 14, 2000","Twentieth Century Fox

"
211,Ted,"$54,415,205","$16,800",24.9%,"Jun 29, 2012","Universal Pictures

"
212,Pokémon Detective Pikachu,"$54,365,242","$12,937",37.7%,"May 10, 2019","Warner Bros.

"
213,The Martian,"$54,308,575","$14,176",23.8%,"Oct 2, 2015","Twentieth Century Fox

"
214,Night at the Museum: Battle of the Smithsonian,"$54,173,286","$13,225",30.6%,"May 22, 2009","Twentieth Century Fox

"
215,Scooby-Doo,"$54,155,312","$15,710",35.3%,"Jun 14, 2002","Warner Bros.

"
216,The Nun,"$53,807,379","$13,882",45.8%,"Sep 7, 2018","Warner Bros.

"
217,Cars 3,"$53,688,680","$12,614",35.1%,"Jun 16, 2017","Walt Disney Studios Motion Pictures

"
218,Shazam!,"$53,505,326","$12,688",38.1%,"Apr 5, 2019","Warner Bros.

"
219,Green Lantern,"$53,174,303","$13,934",45.6%,"Jun 17, 2011","Warner Bros.

"
220,The Wolverine,"$53,113,752","$13,535",40.1%,"Jul 26, 2013","Twentieth Century Fox

"
221,The Lego Batman Movie,"$53,003,468","$12,965",30.2%,"Feb 10, 2017","Warner Bros.

"
222,Batman Forever,"$52,784,433","$18,572",28.7%,"Jun 16, 1995","Warner Bros.

"
223,Paranormal Activity 3,"$52,568,183","$15,829",50.5%,"Oct 21, 2011","Paramount Pictures

"
224,Superman Returns,"$52,535,096","$12,923",26.3%,"Jun 28, 2006","Warner Bros.

"
225,The Bourne Supremacy,"$52,521,865","$16,594",29.8%,"Jul 23, 2004","Universal Pictures

"
226,Insurgent,"$52,263,680","$13,487",40.2%,"Mar 20, 2015","Lionsgate

"
227,"I, Robot","$52,179,887","$15,257",36%,"Jul 16, 2004","Twentieth Century Fox

"
228,Men in Black II,"$52,148,751","$14,660",27.4%,"Jul 3, 2002","Sony Pictures Releasing

"
229,Home,"$52,107,731","$14,052",29.4%,"Mar 27, 2015","Twentieth Century Fox

"
230,Van Helsing,"$51,748,040","$14,474",43.1%,"May 7, 2004","Universal Pictures

"
231,8 Mile,"$51,240,555","$20,745",43.9%,"Nov 8, 2002","Universal Pictures

"
232,Men in Black,"$51,068,455","$16,910",20.4%,"Jul 2, 1997","Sony Pictures Releasing

"
233,Bohemian Rhapsody,"$51,061,119","$12,765",23.6%,"Nov 2, 2018","Twentieth Century Fox

"
234,Prometheus,"$51,050,101","$15,032",40.4%,"Jun 8, 2012","Twentieth Century Fox

"
235,Wanted,"$50,927,085","$16,040",37.9%,"Jun 27, 2008","Universal Pictures

"
236,Coco,"$50,802,605","$12,742",24.2%,"Nov 22, 2017","Walt Disney Studios Motion Pictures

"
237,Jurassic Park III,"$50,771,645","$14,784",28%,"Jul 18, 2001","Universal Pictures

"
238,The Village,"$50,746,142","$13,604",44.4%,"Jul 30, 2004","Walt Disney Studios Motion Pictures

"
239,Dunkirk,"$50,513,488","$13,578",26.9%,"Jul 21, 2017","Warner Bros.

"
240,2 Fast 2 Furious,"$50,472,480","$14,810",39.7%,"Jun 6, 2003","Universal Pictures

"
241,Jackass 3D,"$50,353,641","$16,343",43%,"Oct 15, 2010","Paramount Pictures

"
242,Mr. & Mrs. Smith,"$50,342,878","$14,702",27%,"Jun 10, 2005","Twentieth Century Fox

"
243,Rush Hour 3,"$50,237,000","$13,297",35.8%,"Aug 10, 2007","New Line Cinema

"
244,Independence Day,"$50,228,264","$17,428",16.4%,"Jul 3, 1996","Twentieth Century Fox

"
245,A Quiet Place,"$50,203,562","$14,311",26.7%,"Apr 6, 2018","Paramount Pictures

"
246,The Boss Baby,"$50,198,902","$13,304",28.7%,"Mar 31, 2017","Twentieth Century Fox

"
247,King Kong,"$50,130,145","$14,049",23%,"Dec 14, 2005","Universal Pictures

"
248,The Great Gatsby,"$50,085,185","$14,168",34.6%,"May 10, 2013","Warner Bros.

"
249,Scary Movie 3,"$49,700,000","$14,179",45.2%,"Oct 24, 2003","Dimension Films

"
250,Taken 2,"$49,514,769","$13,524",35.4%,"Oct 5, 2012","Twentieth Century Fox

"
251,How to Train Your Dragon 2,"$49,451,322","$11,627",27.9%,"Jun 13, 2014","Twentieth Century Fox

"
252,Wreck-It Ralph,"$49,038,712","$13,070",25.9%,"Nov 2, 2012","Walt Disney Studios Motion Pictures

"
253,Neighbors,"$49,033,915","$14,953",32.7%,"May 9, 2014","Universal Pictures

"
254,Alvin and the Chipmunks: The Squeakquel,"$48,875,415","$13,209",22.3%,"Dec 23, 2009","Twentieth Century Fox

"
255,Tangled,"$48,767,052","$13,535",24.3%,"Nov 24, 2010","Walt Disney Studios Motion Pictures

"
256,Batman Begins,"$48,745,440","$12,634",23.7%,"Jun 15, 2005","Warner Bros.

"
257,The Matrix Revolutions,"$48,475,154","$13,842",34.8%,"Nov 5, 2003","Warner Bros.

"
258,Hotel Transylvania 2,"$48,464,322","$12,910",28.6%,"Sep 25, 2015","Sony Pictures Releasing

"
259,The Fault in Our Stars,"$48,002,523","$15,128",38.4%,"Jun 6, 2014","Twentieth Century Fox

"
260,Godzilla: King of the Monsters,"$47,776,293","$11,630",43.2%,"May 31, 2019","Warner Bros.

"
261,Mission: Impossible III,"$47,743,273","$11,776",35.6%,"May 5, 2006","Paramount Pictures

"
262,Lara Croft: Tomb Raider,"$47,735,743","$14,430",36.4%,"Jun 15, 2001","Paramount Pictures

"
263,Kung Fu Panda 2,"$47,656,302","$12,141",28.8%,"May 26, 2011","DreamWorks

"
264,The Longest Yard,"$47,606,480","$13,100",30.1%,"May 27, 2005","Paramount Pictures

"
265,Shark Tale,"$47,604,606","$11,853",29.6%,"Oct 1, 2004","DreamWorks Distribution

"
266,Interstellar,"$47,510,360","$13,341",25.3%,"Nov 5, 2014","Paramount Pictures

"
267,Madagascar,"$47,224,594","$11,431",24.4%,"May 27, 2005","DreamWorks Distribution

"
268,The Lord of the Rings: The Fellowship of the Ring,"$47,211,490","$14,055",15.1%,"Dec 19, 2001","New Line Cinema

"
269,Die Another Day,"$47,072,040","$14,203",29.2%,"Nov 22, 2002","Metro-Goldwyn-Mayer (MGM)

"
270,Talladega Nights: The Ballad of Ricky Bobby,"$47,042,215","$12,369",31.7%,"Aug 4, 2006","Sony Pictures Releasing

"
271,Ratatouille,"$47,027,395","$11,935",22.8%,"Jun 29, 2007","Walt Disney Studios Motion Pictures

"
272,Jurassic Park,"$47,026,828","$19,561",13.2%,"Jun 11, 1993","Universal Pictures

"
273,Troy,"$46,865,412","$13,739",35.1%,"May 14, 2004","Warner Bros.

"
274,The Secret Life of Pets 2,"$46,652,680","$10,228",29.5%,"Jun 7, 2019","Universal Pictures

"
275,Pirates of the Caribbean: The Curse of the Black Pearl,"$46,630,690","$14,264",15.3%,"Jul 9, 2003","Walt Disney Studios Motion Pictures

"
276,Ice Age: Continental Drift,"$46,629,259","$12,014",28.9%,"Jul 13, 2012","Twentieth Century Fox

"
277,Fifty Shades Darker,"$46,607,250","$12,562",40.7%,"Feb 10, 2017","Universal Pictures

"
278,Trolls,"$46,581,142","$11,473",30.3%,"Nov 4, 2016","Twentieth Century Fox

"
279,Bad Boys II,"$46,522,560","$14,602",33.6%,"Jul 18, 2003","Sony Pictures Releasing

"
280,Ice Age,"$46,312,454","$13,966",26.3%,"Mar 15, 2002","Twentieth Century Fox

"
281,Angels & Demons,"$46,204,168","$13,100",34.6%,"May 15, 2009","Sony Pictures Releasing

"
282,Meet the Fockers,"$46,120,980","$13,110",16.5%,"Dec 22, 2004","Universal Pictures

"
283,Ghostbusters,"$46,018,755","$11,612",35.8%,"Jul 15, 2016","Sony Pictures Releasing

"
284,Megamind,"$46,016,833","$11,667",31%,"Nov 5, 2010","DreamWorks

"
285,Dumbo,"$45,990,748","$10,798",40.1%,"Mar 29, 2019","Walt Disney Studios Motion Pictures

"
286,Mission: Impossible,"$45,436,830","$15,085",25.1%,"May 22, 1996","Paramount Pictures

"
287,Mad Max: Fury Road,"$45,428,128","$12,271",29.6%,"May 15, 2015","Warner Bros.

"
288,The Meg,"$45,402,195","$11,025",31.2%,"Aug 10, 2018","Warner Bros.

"
289,Ghost Rider,"$45,388,836","$12,541",39.2%,"Feb 16, 2007","Sony Pictures Releasing

"
290,American Pie 2,"$45,117,985","$14,729",31.1%,"Aug 10, 2001","Universal Pictures

"
291,300: Rise of an Empire,"$45,038,460","$12,979",42.3%,"Mar 7, 2014","Warner Bros.

"
292,Horton Hears a Who!,"$45,012,998","$11,384",29.1%,"Mar 14, 2008","Twentieth Century Fox

"
293,The Hangover,"$44,979,319","$13,759",16.2%,"Jun 5, 2009","Warner Bros.

"
294,National Treasure: Book of Secrets,"$44,783,772","$11,686",20.4%,"Dec 21, 2007","Walt Disney Studios Motion Pictures

"
295,Transformers: The Last Knight,"$44,680,073","$10,980",34.3%,"Jun 21, 2017","Paramount Pictures

"
296,xXx,"$44,506,103","$13,190",31.3%,"Aug 9, 2002","Revolution Studios

"
297,Alvin and the Chipmunks,"$44,307,417","$12,750",20.4%,"Dec 14, 2007","Twentieth Century Fox

"
298,The Peanuts Movie,"$44,213,073","$11,345",34%,"Nov 6, 2015","Twentieth Century Fox

"
299,Hotel Transylvania 3: Summer Vacation,"$44,076,225","$10,329",26.3%,"Jul 13, 2018","Sony Pictures Releasing

"
300,Godzilla,"$44,047,541","$13,307",32.3%,"May 20, 1998","Sony Pictures Releasing

"
301,Terminator 3: Rise of the Machines,"$44,041,440","$12,568",29.3%,"Jul 2, 2003","Warner Bros.

"
302,TRON: Legacy,"$44,026,211","$12,757",25.6%,"Dec 17, 2010","Walt Disney Studios Motion Pictures

"
303,Lucy,"$43,899,340","$13,835",34.7%,"Jul 25, 2014","Universal Pictures

"
304,How to Train Your Dragon,"$43,732,319","$10,784",20.1%,"Mar 26, 2010","DreamWorks

"
305,Noah,"$43,720,472","$12,256",43.2%,"Mar 28, 2014","Paramount Pictures

"
306,The Croods,"$43,639,736","$10,785",23.3%,"Mar 22, 2013","Twentieth Century Fox

"
307,American Gangster,"$43,565,135","$14,264",33.5%,"Nov 2, 2007","Universal Pictures

"
308,The Mummy,"$43,369,635","$13,510",27.9%,"May 7, 1999","Universal Pictures

"
309,Hitch,"$43,142,214","$12,067",24%,"Feb 11, 2005","Sony Pictures Releasing

"
310,A Star Is Born,"$42,908,051","$11,640",19.9%,"Oct 5, 2018","Warner Bros.

"
311,Batman & Robin,"$42,872,605","$14,612",40%,"Jun 20, 1997","Warner Bros.

"
312,Terminator Salvation,"$42,558,390","$12,056",34%,"May 21, 2009","Warner Bros.

"
313,Hotel Transylvania,"$42,522,194","$12,696",28.7%,"Sep 28, 2012","Sony Pictures Releasing

"
314,Nutty Professor II: The Klumps,"$42,518,830","$13,115",34.5%,"Jul 28, 2000","Universal Pictures

"
315,Shrek,"$42,347,760","$11,805",15.8%,"May 16, 2001","DreamWorks Distribution

"
316,Scary Movie,"$42,346,669","$14,542",27%,"Jul 7, 2000","Miramax

"
317,Anger Management,"$42,220,847","$11,889",31.1%,"Apr 11, 2003","Revolution Studios

"
318,High School Musical 3,"$42,030,184","$11,600",46.4%,"Oct 24, 2008","Walt Disney Studios Motion Pictures

"
319,The Conjuring,"$41,855,326","$14,417",30.5%,"Jul 19, 2013","Warner Bros.

"
320,Ready Player One,"$41,764,050","$9,863",30.3%,"Mar 29, 2018","Warner Bros.

"
321,Ice Age: Dawn of the Dinosaurs,"$41,690,382","$10,170",21.2%,"Jul 1, 2009","Twentieth Century Fox

"
322,The Hangover Part III,"$41,671,198","$11,721",37.1%,"May 23, 2013","Warner Bros.

"
323,Ocean's Eight,"$41,607,378","$10,037",29.7%,"Jun 8, 2018","Warner Bros.

"
324,Big Daddy,"$41,536,370","$13,721",25.4%,"Jun 25, 1999","Sony Pictures Releasing

"
325,Happy Feet,"$41,533,432","$10,918",21%,"Nov 17, 2006","Warner Bros.

"
326,Ride Along,"$41,516,170","$15,590",30.8%,"Jan 17, 2014","Universal Pictures

"
327,Grown Ups 2,"$41,508,572","$11,890",31%,"Jul 12, 2013","Sony Pictures Releasing

"
328,The Perfect Storm,"$41,325,042","$12,129",22.6%,"Jun 30, 2000","Warner Bros.

"
329,Kung Fu Panda 3,"$41,282,042","$10,437",28.8%,"Jan 29, 2016","Twentieth Century Fox

"
330,The Vow,"$41,202,458","$13,929",33%,"Feb 10, 2012","Screen Gems

"
331,Deep Impact,"$41,152,375","$13,039",29.3%,"May 8, 1998","Paramount Pictures

"
332,Once Upon a Time... in Hollywood,"$41,082,018","$11,227",29.1%,"Jul 26, 2019","Sony Pictures Releasing

"
333,Shutter Island,"$41,062,440","$13,728",32.1%,"Feb 19, 2010","Paramount Pictures

"
334,Twister,"$41,059,405","$17,008",17%,"May 10, 1996","Warner Bros.

"
335,Independence Day: Resurgence,"$41,039,944","$9,937",39.8%,"Jun 24, 2016","Twentieth Century Fox

"
336,Madea Goes to Jail,"$41,030,947","$20,192",45.3%,"Feb 20, 2009","Lionsgate

"
337,Casino Royale,"$40,833,156","$11,890",24.4%,"Nov 17, 2006","Sony Pictures Releasing

"
338,Paranormal Activity 2,"$40,678,424","$12,648",48%,"Oct 22, 2010","Paramount Pictures

"
339,Friday the 13th,"$40,570,365","$13,066",62.4%,"Feb 13, 2009","Warner Bros.

"
340,Grown Ups,"$40,506,562","$11,461",25%,"Jun 25, 2010","Sony Pictures Releasing

"
341,G.I. Joe: Retaliation,"$40,501,814","$10,890",33.1%,"Mar 28, 2013","Paramount Pictures

"
342,Batman,"$40,489,746","$18,454",16.1%,"Jun 23, 1989","Warner Bros.

"
343,The Mummy: Tomb of the Dragon Emperor,"$40,457,770","$10,760",39.5%,"Aug 1, 2008","Universal Pictures

"
344,The Conjuring 2,"$40,406,314","$12,086",39.4%,"Jun 10, 2016","Warner Bros.

"
345,Glass,"$40,328,920","$10,499",36.3%,"Jan 18, 2019","Universal Pictures

"
346,The Last Airbender,"$40,325,019","$12,724",30.6%,"Jul 1, 2010","Paramount Pictures

"
347,Daredevil,"$40,310,419","$11,613",39.3%,"Feb 14, 2003","Twentieth Century Fox

"
348,Power Rangers,"$40,300,288","$10,912",47.2%,"Mar 24, 2017","Lionsgate

"
349,Insidious: Chapter 2,"$40,272,103","$13,208",48.2%,"Sep 13, 2013","FilmDistrict

"
350,Scary Movie 4,"$40,222,875","$11,166",44.3%,"Apr 14, 2006",-
351,Safe House,"$40,172,720","$12,880",31.8%,"Feb 10, 2012","Universal Pictures

"
352,Charlie's Angels,"$40,128,550","$13,213",32%,"Nov 3, 2000","Sony Pictures Releasing

"
353,The Fast and the Furious,"$40,089,015","$15,254",27.7%,"Jun 22, 2001","Universal Pictures

"
354,Cloverfield,"$40,058,229","$11,743",50%,"Jan 18, 2008","Paramount Pictures

"
355,Chicken Little,"$40,049,778","$10,960",29.6%,"Nov 4, 2005","Walt Disney Studios Motion Pictures

"
356,Click,"$40,011,365","$10,672",29.1%,"Jun 23, 2006","Revolution Studios

"
357,Split,"$40,010,975","$13,170",28.9%,"Jan 20, 2017","Universal Pictures

"
358,50 First Dates,"$39,852,237","$11,097",33%,"Feb 13, 2004","Sony Pictures Releasing

"
359,Wild Hogs,"$39,699,023","$12,077",23.6%,"Mar 2, 2007","Walt Disney Studios Motion Pictures

"
360,Sherlock Holmes: A Game of Shadows,"$39,637,079","$10,704",21.2%,"Dec 16, 2011","Warner Bros.

"
361,The Waterboy,"$39,414,071","$14,795",24.4%,"Nov 6, 1998","Walt Disney Studios Motion Pictures

"
362,Rio 2,"$39,327,869","$9,961",29.9%,"Apr 11, 2014","Twentieth Century Fox

"
363,Rio,"$39,225,962","$10,252",27.3%,"Apr 15, 2011","Twentieth Century Fox

"
364,Taken 3,"$39,201,657","$10,907",43.9%,"Jan 9, 2015","Twentieth Century Fox

"
365,The Break-Up,"$39,172,785","$12,759",33%,"Jun 2, 2006","Universal Pictures

"
366,The Good Dinosaur,"$39,155,217","$10,444",31.8%,"Nov 25, 2015","Walt Disney Studios Motion Pictures

"
367,Ocean's Twelve,"$39,153,380","$11,900",31.2%,"Dec 10, 2004","Warner Bros.

"
368,The Grudge,"$39,128,715","$12,058",35.5%,"Oct 22, 2004","Sony Pictures Releasing

"
369,Magic Mike,"$39,127,170","$13,353",34.4%,"Jun 29, 2012","Warner Bros.

"
370,The Heat,"$39,115,043","$12,296",24.5%,"Jun 28, 2013","Twentieth Century Fox

"
371,Kingsman: The Golden Circle,"$39,023,010","$9,748",38.9%,"Sep 22, 2017","Twentieth Century Fox

"
372,Dinosaur,"$38,854,851","$11,929",28.2%,"May 19, 2000","Walt Disney Studios Motion Pictures

"
373,Daddy's Home,"$38,740,203","$11,843",25.8%,"Dec 25, 2015","Paramount Pictures

"
374,Get Smart,"$38,683,480","$9,890",29.7%,"Jun 20, 2008","Warner Bros.

"
375,Fifty Shades Freed,"$38,560,195","$10,233",38.4%,"Feb 9, 2018","Universal Pictures

"
376,You Don't Mess with the Zohan,"$38,531,374","$11,129",38.5%,"Jun 6, 2008","Sony Pictures Releasing

"
377,The Legend of Tarzan,"$38,527,856","$10,819",30.4%,"Jul 1, 2016","Warner Bros.

"
378,Over the Hedge,"$38,457,003","$9,474",24.8%,"May 19, 2006","DreamWorks

"
379,The Cat in the Hat,"$38,329,160","$11,065",37.9%,"Nov 21, 2003","Universal Pictures

"
380,Alien vs. Predator,"$38,291,056","$11,278",47.7%,"Aug 13, 2004","Twentieth Century Fox

"
381,The Angry Birds Movie,"$38,155,177","$9,703",35.5%,"May 20, 2016","Sony Pictures Releasing

"
382,The Bourne Legacy,"$38,142,825","$10,185",33.7%,"Aug 10, 2012","Universal Pictures

"
383,Ocean's Eleven,"$38,107,822","$12,392",20.8%,"Dec 7, 2001","Warner Bros.

"
384,Rango,"$38,079,323","$9,721",30.8%,"Mar 4, 2011","Paramount Pictures

"
385,Inglourious Basterds,"$38,054,676","$12,023",31.6%,"Aug 21, 2009","The Weinstein Company

"
386,Bee Movie,"$38,021,044","$9,679",30%,"Nov 2, 2007","DreamWorks

"
387,Ace Ventura: When Nature Calls,"$37,804,076","$14,254",34.9%,"Nov 10, 1995","Warner Bros.

"
388,Charlie's Angels: Full Throttle,"$37,634,221","$10,880",37.3%,"Jun 27, 2003","Sony Pictures Releasing

"
389,Hop,"$37,543,710","$10,490",34.7%,"Apr 1, 2011","Universal Pictures

"
390,Gone Girl,"$37,513,109","$12,446",22.4%,"Oct 3, 2014","Twentieth Century Fox

"
391,District 9,"$37,354,308","$12,251",32.3%,"Aug 14, 2009","TriStar Pictures

"
392,Pacific Rim,"$37,285,325","$11,384",36.6%,"Jul 12, 2013","Warner Bros.

"
393,Mr. Deeds,"$37,162,787","$11,501",29.4%,"Jun 28, 2002","Sony Pictures Releasing

"
394,Annabelle,"$37,134,255","$11,659",44.1%,"Oct 3, 2014","Warner Bros.

"
395,Air Force One,"$37,132,505","$12,720",21.5%,"Jul 25, 1997","Sony Pictures Releasing

"
396,S.W.A.T.,"$37,062,535","$11,574",31.7%,"Aug 8, 2003","Sony Pictures Releasing

"
397,Oblivion,"$37,054,485","$9,795",41.6%,"Apr 19, 2013","Universal Pictures

"
398,Maleficent: Mistress of Evil,"$36,948,713","$9,749",32.5%,"Oct 18, 2019","Walt Disney Studios Motion Pictures

"
399,Red Dragon,"$36,540,945","$10,885",39.2%,"Oct 4, 2002","Universal Pictures

"
400,Cowboys & Aliens,"$36,431,290","$9,715",36.3%,"Jul 29, 2011","Universal Pictures

"
401,Freddy vs. Jason,"$36,400,000","$12,076",44.1%,"Aug 15, 2003","New Line Cinema

"
402,Interview with the Vampire: The Vampire Chronicles,"$36,389,705","$13,974",34.6%,"Nov 11, 1994","Warner Bros.

"
403,Marley & Me,"$36,357,586","$10,447",25.4%,"Dec 25, 2008","Twentieth Century Fox

"
404,21 Jump Street,"$36,302,612","$11,631",26.2%,"Mar 16, 2012","Sony Pictures Releasing

"
405,Kingsman: The Secret Service,"$36,206,331","$11,300",28.2%,"Feb 13, 2015","Twentieth Century Fox

"
406,Jumanji: Welcome to the Jungle,"$36,169,328","$9,606",8.9%,"Dec 20, 2017","Sony Pictures Releasing

"
407,Alien: Covenant,"$36,160,621","$9,614",48.7%,"May 19, 2017","Twentieth Century Fox

"
408,Ocean's Thirteen,"$36,133,403","$10,135",30.8%,"Jun 8, 2007","Warner Bros.

"
409,Dumb and Dumber To,"$36,111,775","$11,449",41.9%,"Nov 14, 2014","Universal Pictures

"
410,Armageddon,"$36,089,972","$11,541",17.9%,"Jul 1, 1998","Walt Disney Studios Motion Pictures

"
411,The Scorpion King,"$36,075,875","$10,474",39.6%,"Apr 19, 2002","Universal Pictures

"
412,Robin Hood,"$36,063,385","$10,295",34.3%,"May 14, 2010","Universal Pictures

"
413,Robots,"$36,045,301","$9,545",28.1%,"Mar 11, 2005","Twentieth Century Fox

"
414,The Equalizer 2,"$36,011,640","$10,629",35.3%,"Jul 20, 2018","Sony Pictures Releasing

"
415,Salt,"$36,011,243","$9,969",30.4%,"Jul 23, 2010","Sony Pictures Releasing

"
416,Star Wars: Episode IV - A New Hope1997 Special Edition,"$35,906,661","$17,065",26%,"Jan 31, 1997","Twentieth Century Fox

"
417,"10,000 BC","$35,867,488","$10,518",37.8%,"Mar 7, 2008","Warner Bros.

"
418,Rampage,"$35,753,093","$8,718",35.4%,"Apr 13, 2018","Warner Bros.

"
419,Minority Report,"$35,677,125","$11,888",27%,"Jun 21, 2002","Twentieth Century Fox

"
420,Sweet Home Alabama,"$35,648,740","$10,825",28%,"Sep 27, 2002","Walt Disney Studios Motion Pictures

"
421,The Smurfs,"$35,611,637","$10,489",25%,"Jul 29, 2011","Sony Pictures Releasing

"
422,Creed II,"$35,574,710","$10,338",30.7%,"Nov 21, 2018","Metro-Goldwyn-Mayer (MGM)

"
423,Battle Los Angeles,"$35,573,187","$10,410",42.6%,"Mar 11, 2011","Sony Pictures Releasing

"
424,The Other Guys,"$35,543,162","$9,735",29.8%,"Aug 6, 2010","Sony Pictures Releasing

"
425,Central Intelligence,"$35,535,250","$10,129",27.9%,"Jun 17, 2016","Warner Bros.

"
426,The World is Not Enough,"$35,519,007","$11,229",28%,"Nov 19, 1999","Metro-Goldwyn-Mayer (MGM)

"
427,Super 8,"$35,451,168","$10,491",27.9%,"Jun 10, 2011","Paramount Pictures

"
428,Spider-Man: Into the Spider-Verse,"$35,363,376","$9,274",18.6%,"Dec 14, 2018","Sony Pictures Releasing

"
429,Teenage Mutant Ninja Turtles: Out of the Shadows,"$35,316,382","$8,675",43%,"Jun 3, 2016","Paramount Pictures

"
430,Lilo & Stitch,"$35,260,212","$11,049",24.2%,"Jun 21, 2002","Walt Disney Studios Motion Pictures

"
431,Sing,"$35,258,145","$8,766",13%,"Dec 21, 2016","Universal Pictures

"
432,Ride Along 2,"$35,243,095","$11,100",38.6%,"Jan 15, 2016","Universal Pictures

"
433,National Treasure,"$35,142,554","$11,648",20.3%,"Nov 19, 2004","Walt Disney Studios Motion Pictures

"
434,The Ring Two,"$35,065,237","$10,523",46%,"Mar 18, 2005","DreamWorks Distribution

"
435,Runaway Bride,"$35,055,556","$11,100",23%,"Jul 30, 1999","Paramount Pictures

"
436,Sully,"$35,028,301","$9,937",28%,"Sep 9, 2016","Warner Bros.

"
437,Annabelle: Creation,"$35,006,404","$9,996",34.3%,"Aug 11, 2017","Warner Bros.

"
438,Mamma Mia! Here We Go Again,"$34,952,180","$10,537",29%,"Jul 20, 2018","Universal Pictures

"
439,The Expendables,"$34,825,135","$10,649",33.8%,"Aug 13, 2010","Lionsgate

"
440,Gladiator,"$34,819,017","$11,851",18.6%,"May 5, 2000","DreamWorks Distribution

"
441,Scream 3,"$34,713,342","$10,012",38.9%,"Feb 4, 2000","Dimension Films

"
442,The Magnificent Seven,"$34,703,397","$9,445",37.1%,"Sep 23, 2016","Sony Pictures Releasing

"
443,Identity Thief,"$34,551,025","$11,000",25.7%,"Feb 8, 2013","Universal Pictures

"
444,Hellboy II: The Golden Army,"$34,539,115","$10,779",45.4%,"Jul 11, 2008","Universal Pictures

"
445,Enchanted,"$34,440,317","$9,233",27%,"Nov 21, 2007","Walt Disney Studios Motion Pictures

"
446,Couples Retreat,"$34,286,740","$11,428",31.4%,"Oct 9, 2009","Universal Pictures

"
447,Sausage Party,"$34,263,534","$11,042",35.1%,"Aug 12, 2016","Sony Pictures Releasing

"
448,I Now Pronounce You Chuck & Larry,"$34,233,750","$9,795",28.5%,"Jul 20, 2007","Universal Pictures

"
449,Tarzan,"$34,221,968","$11,388",20%,"Jun 16, 1999","Walt Disney Studios Motion Pictures

"
450,Ransom,"$34,216,088","$12,786",25.1%,"Nov 8, 1996","Walt Disney Studios Motion Pictures

"
451,Norbit,"$34,195,434","$10,904",35.7%,"Feb 9, 2007","DreamWorks

"
452,The Equalizer,"$34,137,828","$10,549",33.6%,"Sep 26, 2014","Sony Pictures Releasing

"
453,The Blind Side,"$34,119,372","$10,970",13.3%,"Nov 20, 2009","Warner Bros.

"
454,The Lego Movie 2: The Second Part,"$34,115,335","$7,928",32.2%,"Feb 8, 2019","Warner Bros.

"
455,Puss in Boots,"$34,077,439","$8,622",22.8%,"Oct 28, 2011","DreamWorks

"
456,The Purge,"$34,058,360","$13,429",52.8%,"Jun 7, 2013","Universal Pictures

"
457,Lethal Weapon 4,"$34,048,124","$10,923",26.1%,"Jul 10, 1998","Warner Bros.

"
458,Cloudy with a Chance of Meatballs 2,"$34,017,930","$8,502",28.4%,"Sep 27, 2013","Sony Pictures Releasing

"
459,Get Hard,"$33,803,253","$10,646",37.4%,"Mar 27, 2015","Warner Bros.

"
460,The Devil Inside,"$33,732,515","$14,762",63.3%,"Jan 6, 2012","Paramount Pictures

"
461,Think Like a Man,"$33,636,303","$16,692",36.7%,"Apr 20, 2012","Screen Gems

"
462,The Proposal,"$33,627,598","$11,003",20.5%,"Jun 19, 2009","Walt Disney Studios Motion Pictures

"
463,What Women Want,"$33,614,543","$11,160",18.4%,"Dec 15, 2000","Paramount Pictures

"
464,Saw III,"$33,610,391","$10,612",41.9%,"Oct 27, 2006","Lionsgate

"
465,Epic,"$33,531,068","$8,637",31.2%,"May 24, 2013","Twentieth Century Fox

"
466,The Green Hornet,"$33,526,876","$9,354",33.9%,"Jan 14, 2011","Sony Pictures Releasing

"
467,Ted 2,"$33,507,870","$9,735",41.1%,"Jun 26, 2015","Universal Pictures

"
468,101 Dalmatians,"$33,504,025","$11,991",24.6%,"Nov 27, 1996","Walt Disney Studios Motion Pictures

"
469,Wrath of the Titans,"$33,457,188","$9,437",40%,"Mar 30, 2012","Warner Bros.

"
470,The Haunting,"$33,435,140","$11,907",36.6%,"Jul 23, 1999","DreamWorks Distribution

"
471,Get Out,"$33,377,060","$12,001",19%,"Feb 24, 2017","Universal Pictures

"
472,Live Free or Die Hard,"$33,369,559","$9,791",24.8%,"Jun 27, 2007","Twentieth Century Fox

"
473,American Wedding,"$33,369,440","$10,520",31.9%,"Aug 1, 2003","Universal Pictures

"
474,Lethal Weapon 3,"$33,243,086","$13,244",23%,"May 15, 1992","Warner Bros.

"
475,Hustlers,"$33,181,361","$10,209",31.6%,"Sep 13, 2019","STX Entertainment

"
476,A Wrinkle in Time,"$33,123,609","$8,322",33%,"Mar 9, 2018","Walt Disney Studios Motion Pictures

"
477,Superbad,"$33,052,411","$11,211",27.2%,"Aug 17, 2007","Sony Pictures Releasing

"
478,Tomorrowland,"$33,028,165","$8,315",35.4%,"May 22, 2015","Walt Disney Studios Motion Pictures

"
479,Blades of Glory,"$33,014,202","$9,790",27.8%,"Mar 30, 2007","DreamWorks

"
480,Rush Hour,"$33,001,803","$12,510",23.4%,"Sep 18, 1998","New Line Cinema

"
481,Scream 2,"$32,926,342","$12,364",32.5%,"Dec 12, 1997","Dimension Films

"
482,A Nightmare on Elm Street,"$32,902,299","$9,874",52.2%,"Apr 30, 2010","Warner Bros.

"
483,X-Men: Dark Phoenix,"$32,828,348","$8,822",49.9%,"Jun 7, 2019","Twentieth Century Fox

"
484,The Book of Eli,"$32,789,494","$10,539",34.6%,"Jan 15, 2010","Warner Bros.

"
485,Blade Runner 2049,"$32,753,122","$8,071",35.6%,"Oct 6, 2017","Warner Bros.

"
486,Where the Wild Things Are,"$32,695,407","$8,753",42.3%,"Oct 16, 2009","Warner Bros.

"
487,Due Date,"$32,689,406","$9,743",32.5%,"Nov 5, 2010","Warner Bros.

"
488,Blade II,"$32,528,016","$12,016",39.5%,"Mar 22, 2002","New Line Cinema

"
489,The Maze Runner,"$32,512,804","$9,021",31.7%,"Sep 19, 2014","Twentieth Century Fox

"
490,Spy Kids 3-D: Game Over,"$32,500,000","$9,718",29.1%,"Jul 25, 2003","Dimension Films

"
491,Hannah Montana: The Movie,"$32,324,487","$10,367",40.6%,"Apr 10, 2009","Walt Disney Studios Motion Pictures

"
492,Mr. Peabody & Sherman,"$32,207,057","$8,186",28.9%,"Mar 7, 2014","Twentieth Century Fox

"
493,Immortals,"$32,206,425","$10,349",38.6%,"Nov 11, 2011","Relativity Media

"
494,Wedding Crashers,"$32,200,000","$11,008",15.4%,"Jul 15, 2005","New Line Cinema

"
495,Elf,"$32,100,000","$9,619",18.5%,"Nov 7, 2003","New Line Cinema

"
496,Bad Grandpa,"$32,055,177","$9,608",31.4%,"Oct 25, 2013","Paramount Pictures

"
497,The SpongeBob SquarePants Movie,"$32,018,216","$9,968",37.5%,"Nov 19, 2004","Paramount Pictures

"
498,Paul Blart: Mall Cop,"$31,832,636","$10,124",21.8%,"Jan 16, 2009","Sony Pictures Releasing

"
499,Terminator 2: Judgment Day,"$31,765,506","$13,969",15.5%,"Jul 3, 1991","TriStar Pictures

"
500,Saw IV,"$31,756,764","$9,976",50.2%,"Oct 26, 2007","Lionsgate

"
501,Saw II,"$31,725,652","$10,758",36.4%,"Oct 28, 2005","Lionsgate

"
502,G-Force,"$31,706,934","$8,576",26.6%,"Jul 24, 2009","Walt Disney Studios Motion Pictures

"
503,The Mummy,"$31,688,375","$7,853",39.5%,"Jun 9, 2017","Universal Pictures

"
504,Bad Teacher,"$31,603,106","$10,365",31.5%,"Jun 24, 2011","Sony Pictures Releasing

"
505,The Truman Show,"$31,542,121","$13,625",25.1%,"Jun 5, 1998","Paramount Pictures

"
506,The Purge: Election Year,"$31,515,110","$11,271",39.8%,"Jul 1, 2016","Universal Pictures

"
507,The Wolfman,"$31,479,235","$9,770",50.8%,"Feb 12, 2010","Universal Pictures

"
508,Ford v Ferrari,"$31,474,958","$8,921",28.2%,"Nov 15, 2019","Twentieth Century Fox

"
509,Liar Liar,"$31,423,025","$11,045",17.3%,"Mar 21, 1997","Universal Pictures

"
510,Percy Jackson & the Olympians: The Lightning Thief,"$31,236,067","$9,307",35.2%,"Feb 12, 2010","Twentieth Century Fox

"
511,Girls Trip,"$31,201,920","$12,042",27.1%,"Jul 21, 2017","Universal Pictures

"
512,Evan Almighty,"$31,192,615","$8,654",31%,"Jun 22, 2007","Universal Pictures

"
513,The Sum of All Fears,"$31,178,526","$9,795",26.2%,"May 31, 2002","Paramount Pictures

"
514,Home Alone 2: Lost in New York,"$31,126,882","$14,008",17.9%,"Nov 20, 1992","Twentieth Century Fox

"
515,Hannah Montana and Miley Cyrus: Best of Both Worlds Concert,"$31,117,834","$45,560",47.7%,"Feb 1, 2008","Walt Disney Studios Motion Pictures

"
516,Bringing Down the House,"$31,101,026","$11,103",23.4%,"Mar 7, 2003","Walt Disney Studios Motion Pictures

"
517,Four Christmases,"$31,069,826","$9,386",25.9%,"Nov 26, 2008","Warner Bros.

"
518,Into the Woods,"$31,051,923","$12,726",24.3%,"Dec 25, 2014","Walt Disney Studios Motion Pictures

"
519,Pokémon: The First Movie - Mewtwo Strikes Back,"$31,036,678","$10,199",36.2%,"Nov 10, 1999","Warner Bros.

"
520,Downton Abbey,"$31,033,665","$10,079",32%,"Sep 20, 2019","Focus Features

"
521,Sex and the City 2,"$31,001,870","$8,999",32.5%,"May 27, 2010","Warner Bros.

"
522,Step Brothers,"$30,940,732","$10,000",30.8%,"Jul 25, 2008","Sony Pictures Releasing

"
523,Little Fockers,"$30,833,665","$8,719",20.8%,"Dec 22, 2010","Universal Pictures

"
524,Star Trek: First Contact,"$30,716,131","$10,923",33.4%,"Nov 22, 1996","Paramount Pictures

"
525,Knocked Up,"$30,690,990","$10,690",20.6%,"Jun 1, 2007","Universal Pictures

"
526,The Dukes of Hazzard,"$30,675,314","$8,104",38.2%,"Aug 5, 2005","Warner Bros.

"
527,Unbroken,"$30,621,445","$9,780",26.5%,"Dec 25, 2014","Universal Pictures

"
528,Brüno,"$30,619,130","$11,109",51%,"Jul 10, 2009","Universal Pictures

"
529,Saving Private Ryan,"$30,576,104","$12,414",14.1%,"Jul 24, 1998","DreamWorks Distribution

"
530,The Pacifier,"$30,552,694","$9,758",27%,"Mar 4, 2005","Walt Disney Studios Motion Pictures

"
531,Bram Stoker's Dracula,"$30,521,679","$12,252",37%,"Nov 13, 1992","Columbia Pictures

"
532,The Happening,"$30,517,109","$10,220",47.3%,"Jun 13, 2008","Twentieth Century Fox

"
533,Just Go with It,"$30,514,732","$8,600",29.6%,"Feb 11, 2011","Sony Pictures Releasing

"
534,The Day the Earth Stood Still,"$30,480,153","$8,561",38.4%,"Dec 12, 2008","Twentieth Century Fox

"
535,Dear John,"$30,468,614","$10,262",38.1%,"Feb 5, 2010","Screen Gems

"
536,John Wick: Chapter 2,"$30,436,123","$9,777",33.1%,"Feb 10, 2017","Lionsgate

"
537,Night at the Museum,"$30,433,781","$8,258",12.1%,"Dec 22, 2006","Twentieth Century Fox

"
538,Olympus Has Fallen,"$30,373,794","$9,804",30.7%,"Mar 22, 2013","FilmDistrict

"
539,Unbreakable,"$30,330,771","$11,200",31.9%,"Nov 22, 2000","Walt Disney Studios Motion Pictures

"
540,Maze Runner: The Scorch Trials,"$30,316,510","$7,996",37.1%,"Sep 18, 2015","Twentieth Century Fox

"
541,Cloudy with a Chance of Meatballs,"$30,304,648","$9,716",24.3%,"Sep 18, 2009","Sony Pictures Releasing

"
542,The Addams Family,"$30,300,007","$7,561",31.2%,"Oct 11, 2019","United Artists Releasing

"
543,America's Sweethearts,"$30,181,877","$10,023",32.2%,"Jul 20, 2001","Revolution Studios

"
544,John Carter,"$30,180,188","$8,050",41.3%,"Mar 9, 2012","Walt Disney Studios Motion Pictures

"
545,The Lion King2011 3D Release,"$30,151,614","$12,940",32%,"Sep 16, 2011","Walt Disney Studios Motion Pictures

"
546,The X Files,"$30,138,758","$11,463",35.9%,"Jun 19, 1998","Twentieth Century Fox

"
547,Django Unchained,"$30,122,888","$10,007",18.5%,"Dec 25, 2012","The Weinstein Company

"
548,The Best Man Holiday,"$30,107,555","$14,875",42.7%,"Nov 15, 2013","Universal Pictures

"
549,Trainwreck,"$30,097,040","$9,530",27.3%,"Jul 17, 2015","Universal Pictures

"
550,Prince of Persia: The Sands of Time,"$30,095,259","$8,254",33.2%,"May 28, 2010","Walt Disney Studios Motion Pictures

"
551,Dodgeball: A True Underdog Story,"$30,070,196","$11,161",26.3%,"Jun 18, 2004","Twentieth Century Fox

"
552,Lemony Snicket's A Series of Unfortunate Events,"$30,061,756","$8,304",25.3%,"Dec 17, 2004","Paramount Pictures

"
553,Sleepy Hollow,"$30,060,467","$9,810",29.7%,"Nov 19, 1999","Paramount Pictures

"
554,Panic Room,"$30,056,751","$9,844",31.2%,"Mar 29, 2002","Sony Pictures Releasing

"
555,The Exorcism of Emily Rose,"$30,054,300","$10,081",40%,"Sep 9, 2005","Screen Gems

"
556,Saw V,"$30,053,954","$9,821",53%,"Oct 24, 2008","Lionsgate

"
557,Catch Me If You Can,"$30,053,627","$9,522",18.3%,"Dec 25, 2002","DreamWorks Distribution

"
558,A Christmas Carol,"$30,051,075","$8,159",21.8%,"Nov 6, 2009","Walt Disney Studios Motion Pictures

"
559,Men in Black: International,"$30,035,838","$7,110",37.5%,"Jun 14, 2019","Sony Pictures Releasing

"
560,Madea's Family Reunion,"$30,030,661","$13,687",47.5%,"Feb 24, 2006","Lionsgate

"
561,The Purge: Anarchy,"$29,816,675","$10,629",41.4%,"Jul 18, 2014","Universal Pictures

"
562,Elysium,"$29,807,393","$9,076",32%,"Aug 9, 2013","TriStar Pictures

"
563,Hercules,"$29,800,263","$8,289",41%,"Jul 25, 2014","Paramount Pictures

"
564,Constantine,"$29,769,098","$9,903",39.2%,"Feb 18, 2005","Warner Bros.

"
565,What Lies Beneath,"$29,702,959","$10,559",19.1%,"Jul 21, 2000","DreamWorks Distribution

"
566,The Flintstones,"$29,688,730","$11,885",22.7%,"May 27, 1994","Universal Pictures

"
567,Dark Shadows,"$29,685,274","$7,905",37.2%,"May 11, 2012","Warner Bros.

"
568,Daddy's Home 2,"$29,651,193","$8,294",28.5%,"Nov 10, 2017","Paramount Pictures

"
569,Creed,"$29,632,823","$8,705",27%,"Nov 25, 2015","Warner Bros.

"
570,Insidious: The Last Key,"$29,581,355","$9,493",43.7%,"Jan 5, 2018","Universal Pictures

"
571,Justin Bieber: Never Say Never,"$29,514,054","$9,505",40.4%,"Feb 11, 2011","Paramount Pictures

"
572,Ghostbusters II,"$29,472,894","$12,229",26.2%,"Jun 16, 1989","Columbia Pictures

"
573,Scooby-Doo 2: Monsters Unleashed,"$29,438,331","$8,888",35%,"Mar 26, 2004","Warner Bros.

"
574,Indiana Jones and the Last Crusade,"$29,355,021","$12,614",14.9%,"May 24, 1989","Paramount Pictures

"
575,A.I. Artificial Intelligence,"$29,352,630","$9,053",37.3%,"Jun 29, 2001","Warner Bros.

"
576,Now You See Me,"$29,350,389","$10,034",24.9%,"May 31, 2013","Lionsgate

"
577,Beverly Hills Chihuahua,"$29,300,465","$9,113",31%,"Oct 3, 2008","Walt Disney Studios Motion Pictures

"
578,Why Did I Get Married Too?,"$29,289,537","$13,591",48.7%,"Apr 2, 2010","Lionsgate

"
579,Think Like a Man Too,"$29,241,911","$13,142",44.9%,"Jun 20, 2014","Screen Gems

"
580,The Muppets,"$29,239,026","$8,499",33%,"Nov 23, 2011","Walt Disney Studios Motion Pictures

"
581,The Lone Ranger,"$29,210,849","$7,482",32.7%,"Jul 3, 2013","Walt Disney Studios Motion Pictures

"
582,Eagle Eye,"$29,150,721","$8,305",28.7%,"Sep 26, 2008","DreamWorks

"
583,Toy Story,"$29,140,617","$11,860",15.2%,"Nov 22, 1995","Walt Disney Studios Motion Pictures

"
584,The Texas Chainsaw Massacre,"$29,100,000","$9,648",36.1%,"Oct 17, 2003","New Line Cinema

"
585,Spy,"$29,085,719","$7,837",26.2%,"Jun 5, 2015","Twentieth Century Fox

"
586,Terminator: Dark Fate,"$29,033,832","$7,105",46.6%,"Nov 1, 2019","Paramount Pictures

"
587,Allegiant,"$29,027,348","$7,761",43.9%,"Mar 18, 2016","Lionsgate

"
588,Doctor Dolittle,"$29,014,324","$10,448",20.1%,"Jun 26, 1998","Twentieth Century Fox

"
589,The Santa Clause 2,"$29,008,696","$8,659",20.8%,"Nov 1, 2002","Walt Disney Studios Motion Pictures

"
590,Paranormal Activity 4,"$29,003,866","$8,500",53.8%,"Oct 19, 2012","Paramount Pictures

"
591,Jackass Number Two,"$29,002,002","$9,480",39.8%,"Sep 22, 2006","Paramount Pictures

"
592,Inside Man,"$28,954,945","$10,274",32.7%,"Mar 24, 2006","Universal Pictures

"
593,Cast Away,"$28,883,406","$10,412",12.4%,"Dec 22, 2000","Twentieth Century Fox

"
594,Non-Stop,"$28,875,635","$9,344",31.3%,"Feb 28, 2014","Universal Pictures

"
595,Miss Peregrine's Home for Peculiar Children,"$28,871,140","$8,197",33.1%,"Sep 30, 2016","Twentieth Century Fox

"
596,Edge of Tomorrow,"$28,760,246","$8,240",28.7%,"Jun 6, 2014","Warner Bros.

"
597,Murder on the Orient Express,"$28,681,472","$8,584",27.9%,"Nov 10, 2017","Twentieth Century Fox

"
598,Titanic,"$28,638,131","$10,709",4.8%,"Dec 19, 1997","Paramount Pictures

"
599,Meet the Parents,"$28,623,300","$10,950",17.2%,"Oct 6, 2000","Universal Pictures

"
600,Obsessed,"$28,612,730","$11,381",41.9%,"Apr 24, 2009","Screen Gems

"
601,The Expendables 2,"$28,591,370","$8,622",33.6%,"Aug 17, 2012","Lionsgate

"
602,Alita: Battle Angel,"$28,525,613","$7,526",33.3%,"Feb 14, 2019","Twentieth Century Fox

"
603,Tyler Perry's Boo! A Madea Halloween,"$28,501,448","$12,611",38.9%,"Oct 21, 2016","Lionsgate

"
604,Anchorman: The Legend of Ron Burgundy,"$28,416,365","$9,193",33.3%,"Jul 9, 2004","DreamWorks Distribution

"
605,Mama,"$28,402,310","$10,730",39.6%,"Jan 18, 2013","Universal Pictures

"
606,Nacho Libre,"$28,309,599","$9,221",35.3%,"Jun 16, 2006","Paramount Pictures

"
607,Horrible Bosses,"$28,302,165","$9,309",24.1%,"Jul 8, 2011","Warner Bros.

"
608,Erin Brockovich,"$28,138,465","$9,880",22.4%,"Mar 17, 2000","Universal Pictures

"
609,Pacific Rim: Uprising,"$28,116,535","$7,582",47%,"Mar 23, 2018","Universal Pictures

"
610,Starsky & Hutch,"$28,103,367","$8,823",31.8%,"Mar 5, 2004","Warner Bros.

"
611,Sin City,"$28,100,000","$8,699",37.9%,"Apr 1, 2005","Dimension Films

"
612,Back to the Future Part II,"$27,835,125","$14,925",23.5%,"Nov 22, 1989","Universal Pictures

"
613,Hairspray,"$27,800,000","$8,907",23.4%,"Jul 20, 2007","New Line Cinema

"
614,The Matrix,"$27,788,331","$9,753",16.2%,"Mar 31, 1999","Warner Bros.

"
615,He's Just Not That Into You,"$27,785,487","$8,751",29.6%,"Feb 6, 2009","Warner Bros.

"
616,Mamma Mia!,"$27,751,240","$9,325",19.2%,"Jul 18, 2008","Universal Pictures

"
617,Big Momma's House 2,"$27,736,056","$8,505",39.5%,"Jan 27, 2006","Twentieth Century Fox

"
618,Jarhead,"$27,726,210","$11,499",44.2%,"Nov 4, 2005","Universal Pictures

"
619,Along Came Polly,"$27,721,185","$9,289",31.5%,"Jan 16, 2004","Universal Pictures

"
620,Wild Wild West,"$27,687,484","$8,284",24.3%,"Jun 30, 1999","Warner Bros.

"
621,Daddy Day Care,"$27,623,580","$8,196",26.5%,"May 9, 2003","Revolution Studios

"
622,The Ugly Truth,"$27,605,576","$9,578",31%,"Jul 24, 2009","Sony Pictures Releasing

"
623,Cheaper by the Dozen,"$27,557,647","$8,355",19.9%,"Dec 25, 2003","Twentieth Century Fox

"
624,Wonder,"$27,547,866","$8,897",20.8%,"Nov 17, 2017","Lionsgate

"
625,The Devil Wears Prada,"$27,537,244","$9,672",22.1%,"Jun 30, 2006","Twentieth Century Fox

"
626,Space Jam,"$27,528,529","$10,388",30.4%,"Nov 15, 1996","Warner Bros.

"
627,After Earth,"$27,520,040","$8,091",45.5%,"May 31, 2013","Sony Pictures Releasing

"
628,Beowulf,"$27,515,871","$8,726",33.4%,"Nov 16, 2007","Paramount Pictures

"
629,42,"$27,487,144","$9,153",28.9%,"Apr 12, 2013","Warner Bros.

"
630,Bedtime Stories,"$27,450,296","$7,457",24.9%,"Dec 25, 2008","Walt Disney Studios Motion Pictures

"
631,The Final Destination,"$27,408,309","$8,781",41.2%,"Aug 28, 2009","Warner Bros.

"
632,Jumper,"$27,354,808","$7,979",34.1%,"Feb 14, 2008","Twentieth Century Fox

"
633,Journey 2: The Mysterious Island,"$27,335,363","$7,877",26.3%,"Feb 10, 2012","Warner Bros.

"
634,The Rugrats Movie,"$27,321,470","$9,820",27.2%,"Nov 20, 1998","Paramount Pictures

"
635,Real Steel,"$27,319,677","$7,941",32%,"Oct 7, 2011","Walt Disney Studios Motion Pictures

"
636,Les Misérables,"$27,281,735","$9,695",18.3%,"Dec 25, 2012","Universal Pictures

"
637,Night School,"$27,257,615","$9,055",35.2%,"Sep 28, 2018","Universal Pictures

"
638,Jack the Giant Slayer,"$27,202,226","$7,716",41.7%,"Mar 1, 2013","Warner Bros.

"
639,The Bourne Identity,"$27,118,640","$10,280",22.3%,"Jun 14, 2002","Universal Pictures

"
640,A Madea Family Funeral,"$27,062,332","$11,082",36.9%,"Mar 1, 2019","Lionsgate

"
641,2 Guns,"$27,059,130","$8,945",35.8%,"Aug 2, 2013","Universal Pictures

"
642,Terminator Genisys,"$27,018,486","$7,189",30.1%,"Jul 1, 2015","Paramount Pictures

"
643,Ender's Game,"$27,017,351","$7,929",43.8%,"Nov 1, 2013","Lionsgate

"
644,The Departed,"$26,887,467","$8,911",20.3%,"Oct 6, 2006","Warner Bros.

"
645,Alice Through the Looking Glass,"$26,858,726","$7,137",34.9%,"May 27, 2016","Walt Disney Studios Motion Pictures

"
646,Underworld: Evolution,"$26,857,181","$8,374",43.1%,"Jan 20, 2006","Screen Gems

"
647,The Curious Case of Benjamin Button,"$26,853,816","$8,987",21.1%,"Dec 25, 2008","Paramount Pictures

"
648,Zombieland: Double Tap,"$26,803,104","$7,728",36.7%,"Oct 18, 2019","Sony Pictures Releasing

"
649,Knives Out,"$26,769,548","$7,734",18.9%,"Nov 27, 2019","Lionsgate

"
650,Flubber,"$26,725,207","$10,119",28.7%,"Nov 26, 1997","Walt Disney Studios Motion Pictures

"
651,Dawn of the Dead,"$26,722,575","$9,735",45.3%,"Mar 19, 2004","Universal Pictures

"
652,The Sixth Sense,"$26,681,262","$12,346",9.1%,"Aug 6, 1999","Walt Disney Studios Motion Pictures

"
653,Resident Evil: Afterlife,"$26,650,264","$8,320",44.3%,"Sep 10, 2010","Screen Gems

"
654,The House with a Clock in Its Walls,"$26,608,020","$7,407",38.8%,"Sep 21, 2018","Universal Pictures

"
655,The Campaign,"$26,588,460","$8,295",30.6%,"Aug 10, 2012","Warner Bros.

"
656,Spy Kids,"$26,546,881","$8,552",23.6%,"Mar 30, 2001","Miramax

"
657,The Pursuit of Happyness,"$26,541,709","$9,306",16.2%,"Dec 15, 2006","Sony Pictures Releasing

"
658,Crazy Rich Asians,"$26,510,140","$7,833",15.2%,"Aug 15, 2018","Warner Bros.

"
659,Borat: Cultural Learnings of America for Make Benefit Glorious Nation of Kazakhstan,"$26,455,463","$31,607",20.6%,"Nov 3, 2006","Twentieth Century Fox

"
660,All Eyez on Me,"$26,435,354","$10,698",58.8%,"Jun 16, 2017","Lionsgate

"
661,We're the Millers,"$26,419,396","$8,104",17.6%,"Aug 7, 2013","Warner Bros.

"
662,Hollow Man,"$26,414,386","$8,935",36.1%,"Aug 4, 2000","Sony Pictures Releasing

"
663,Don't Breathe,"$26,411,706","$8,656",29.6%,"Aug 26, 2016","Screen Gems

"
664,Halloween,"$26,362,367","$7,592",45.2%,"Aug 31, 2007",-
665,Beverly Hills Cop II,"$26,348,555","$11,327",17.2%,"May 20, 1987","Paramount Pictures

"
666,The Curse of la Llorona,"$26,347,631","$7,813",48.1%,"Apr 19, 2019","Warner Bros.

"
667,Bridesmaids,"$26,247,410","$8,995",15.5%,"May 13, 2011","Universal Pictures

"
668,Anchorman 2: The Legend Continues,"$26,232,425","$7,480",21%,"Dec 18, 2013","Paramount Pictures

"
669,Bolt,"$26,223,128","$7,182",23%,"Nov 21, 2008","Walt Disney Studios Motion Pictures

"
670,GoldenEye,"$26,205,007","$9,825",24.6%,"Nov 17, 1995","Metro-Goldwyn-Mayer (MGM)

"
671,The Golden Compass,"$26,125,000","$7,405",37.3%,"Dec 7, 2007","New Line Cinema

"
672,The Help,"$26,044,590","$10,278",15.4%,"Aug 10, 2011","Walt Disney Studios Motion Pictures

"
673,Happy Death Day,"$26,039,025","$8,268",46.8%,"Oct 13, 2017","Universal Pictures

"
674,The Perfect Guy,"$25,888,154","$11,656",45.4%,"Sep 11, 2015","Screen Gems

"
675,True Lies,"$25,869,770","$10,924",17.7%,"Jul 15, 1994","Twentieth Century Fox

"
676,Tropic Thunder,"$25,812,796","$7,777",23.4%,"Aug 13, 2008","DreamWorks

"
677,Evil Dead,"$25,775,847","$8,520",47.5%,"Apr 5, 2013","TriStar Pictures

"
678,Rocketman,"$25,725,722","$7,126",26.7%,"May 31, 2019","Paramount Pictures

"
679,Miami Vice,"$25,723,815","$8,515",40.5%,"Jul 28, 2006","Universal Pictures

"
680,Captain Phillips,"$25,718,314","$8,515",24%,"Oct 11, 2013","Sony Pictures Releasing

"
681,Fantastic Four,"$25,685,737","$6,429",45.8%,"Aug 7, 2015","Twentieth Century Fox

"
682,The A-Team,"$25,669,455","$7,261",33.2%,"Jun 11, 2010","Twentieth Century Fox

"
683,Big Momma's House,"$25,661,041","$9,158",21.8%,"Jun 2, 2000","Twentieth Century Fox

"
684,About Last Night,"$25,649,011","$11,384",52.7%,"Feb 14, 2014","Screen Gems

"
685,V for Vendetta,"$25,642,340","$7,620",36.4%,"Mar 17, 2006","Warner Bros.

"
686,Robin Hood: Prince of Thieves,"$25,625,602","$10,817",15.5%,"Jun 14, 1991","Warner Bros.

"
687,Son of God,"$25,601,865","$7,853",42.9%,"Feb 28, 2014","Twentieth Century Fox

"
688,Kill Bill: Vol. 2,"$25,600,000","$8,616",38.7%,"Apr 16, 2004","Miramax

"
689,Total Recall,"$25,577,758","$7,102",43.4%,"Aug 3, 2012","Sony Pictures Releasing

"
690,Battleship,"$25,534,825","$6,920",39%,"May 18, 2012","Universal Pictures

"
691,Total Recall,"$25,533,700","$12,395",21.4%,"Jun 1, 1990","Sony Pictures Releasing

"
692,Penguins of Madagascar,"$25,447,444","$6,760",30.4%,"Nov 26, 2014","Twentieth Century Fox

"
693,The Visit,"$25,427,560","$8,285",39%,"Sep 11, 2015","Universal Pictures

"
694,The Nutty Professor,"$25,411,725","$12,015",19.7%,"Jun 28, 1996","Universal Pictures

"
695,The Firm,"$25,400,000","$10,614",16%,"Jul 2, 1993","Paramount Pictures

"
696,Teenage Mutant Ninja Turtles,"$25,398,367","$12,661",18.8%,"Mar 30, 1990","New Line Cinema

"
697,Madea's Witness Protection,"$25,390,575","$11,749",38.7%,"Jun 29, 2012","Lionsgate

"
698,Gnomeo & Juliet,"$25,356,909","$8,469",25.4%,"Feb 11, 2011","Walt Disney Studios Motion Pictures

"
699,Apollo 13,"$25,353,380","$11,540",14.7%,"Jun 30, 1995","Universal Pictures

"
700,Indiana Jones and the Temple of Doom,"$25,337,110","$15,019",14.1%,"May 23, 1984","Paramount Pictures

"
701,Gone in 60 Seconds,"$25,336,048","$8,428",24.9%,"Jun 9, 2000","Walt Disney Studios Motion Pictures

"
702,Underworld Awakening,"$25,306,725","$8,221",40.6%,"Jan 20, 2012","Screen Gems

"
703,Public Enemies,"$25,271,675","$7,579",26%,"Jul 1, 2009","Universal Pictures

"
704,Patch Adams,"$25,262,280","$9,315",18.7%,"Dec 25, 1998","Universal Pictures

"
705,Date Night,"$25,207,599","$7,471",25.5%,"Apr 9, 2010","Twentieth Century Fox

"
706,Tomorrow Never Dies,"$25,143,007","$8,957",20.1%,"Dec 19, 1997","Metro-Goldwyn-Mayer (MGM)

"
707,Meet the Robinsons,"$25,123,781","$7,361",25.7%,"Mar 30, 2007","Walt Disney Studios Motion Pictures

"
708,Master and Commander: The Far Side of the World,"$25,105,990","$8,096",26.7%,"Nov 14, 2003","Twentieth Century Fox

"
709,The Rock,"$25,069,525","$10,480",18.7%,"Jun 7, 1996","Walt Disney Studios Motion Pictures

"
710,Madea's Big Happy Family,"$25,068,677","$10,956",47%,"Apr 22, 2011","Lionsgate

"
711,Dr. Dolittle 2,"$25,037,039","$8,211",22.2%,"Jun 22, 2001","Twentieth Century Fox

"
712,Vanilla Sky,"$25,015,518","$9,123",24.9%,"Dec 14, 2001","Paramount Pictures

"
713,Peter Rabbit,"$25,010,928","$6,714",21.7%,"Feb 9, 2018","Sony Pictures Releasing

"
714,Jack and Jill,"$25,003,575","$7,272",33.7%,"Nov 11, 2011","Sony Pictures Releasing

"
715,Skyscraper,"$24,905,015","$6,585",36.4%,"Jul 13, 2018","Universal Pictures

"
716,Flight,"$24,900,566","$13,216",26.6%,"Nov 2, 2012","Paramount Pictures

"
717,White House Down,"$24,852,258","$7,713",34%,"Jun 28, 2013","Sony Pictures Releasing

"
718,A Good Day to Die Hard,"$24,834,845","$6,989",36.9%,"Feb 14, 2013","Twentieth Century Fox

"
719,True Grit,"$24,830,443","$8,149",14.5%,"Dec 22, 2010","Paramount Pictures

"
720,The Other Woman,"$24,763,752","$7,726",29.5%,"Apr 25, 2014","Twentieth Century Fox

"
721,Predators,"$24,760,882","$9,277",47.6%,"Jul 9, 2010","Twentieth Century Fox

"
722,Zombieland,"$24,733,155","$8,146",32.7%,"Oct 2, 2009","Sony Pictures Releasing

"
723,10 Cloverfield Lane,"$24,727,437","$7,292",34.3%,"Mar 11, 2016","Paramount Pictures

"
724,Taken,"$24,717,037","$7,765",17%,"Jan 30, 2009","Twentieth Century Fox

"
725,The Accountant,"$24,710,273","$7,416",28.6%,"Oct 14, 2016","Warner Bros.

"
726,Collateral,"$24,701,458","$7,748",24.5%,"Aug 6, 2004","DreamWorks Distribution

"
727,Congo,"$24,642,539","$9,302",30.4%,"Jun 9, 1995","Paramount Pictures

"
728,Lee Daniels' The Butler,"$24,637,312","$8,400",21.1%,"Aug 16, 2013","The Weinstein Company

"
729,The Predator,"$24,632,284","$6,101",48.3%,"Sep 14, 2018","Twentieth Century Fox

"
730,Flightplan,"$24,629,938","$7,193",27.5%,"Sep 23, 2005","Walt Disney Studios Motion Pictures

"
731,Knowing2009 Re-release,"$24,604,751","$7,384",30.8%,"Mar 20, 2009","Summit Entertainment

"
732,Christopher Robin,"$24,585,139","$6,825",24.8%,"Aug 3, 2018","Walt Disney Studios Motion Pictures

"
733,Eraser,"$24,566,446","$10,193",24.2%,"Jun 21, 1996","Warner Bros.

"
734,The Girl on the Train,"$24,536,265","$7,804",32.5%,"Oct 7, 2016","Universal Pictures

"
735,The Emoji Movie,"$24,531,923","$6,020",28.5%,"Jul 28, 2017","Sony Pictures Releasing

"
736,Pet Sematary,"$24,502,775","$6,834",44.8%,"Apr 5, 2019","Paramount Pictures

"
737,Act of Valor,"$24,476,632","$8,054",35%,"Feb 24, 2012","Relativity Media

"
738,Forrest Gump,"$24,450,602","$15,329",7.4%,"Jul 6, 1994","Paramount Pictures

"
739,Mean Girls,"$24,432,195","$8,605",28.4%,"Apr 30, 2004","Paramount Pictures

"
740,Failure to Launch,"$24,411,322","$7,985",27.5%,"Mar 10, 2006","Paramount Pictures

"
741,Race to Witch Mountain,"$24,402,214","$7,656",36.3%,"Mar 13, 2009","Walt Disney Studios Motion Pictures

"
742,Contraband,"$24,349,815","$8,505",36.6%,"Jan 13, 2012","Universal Pictures

"
743,The Chronicles of Riddick,"$24,289,165","$8,809",42%,"Jun 11, 2004","Universal Pictures

"
744,The Haunted Mansion,"$24,278,410","$7,776",32%,"Nov 26, 2003","Walt Disney Studios Motion Pictures

"
745,The Last Samurai,"$24,271,354","$8,346",21.8%,"Dec 5, 2003","Warner Bros.

"
746,TMNT,"$24,255,205","$7,799",44.8%,"Mar 23, 2007","Warner Bros.

"
747,No Good Deed,"$24,250,283","$11,149",46.2%,"Sep 12, 2014","Screen Gems

"
748,Barbershop 2: Back in Business,"$24,241,612","$8,941",37.2%,"Feb 6, 2004","Metro-Goldwyn-Mayer (MGM)

"
749,"Me, Myself & Irene","$24,209,385","$8,019",26.7%,"Jun 23, 2000","Twentieth Century Fox

"
750,The Addams Family,"$24,203,754","$10,038",21.3%,"Nov 22, 1991","Paramount Pictures

"
751,Coach Carter,"$24,182,961","$9,581",36%,"Jan 14, 2005","Paramount Pictures

"
752,Maze Runner: The Death Cure,"$24,167,011","$6,381",41.6%,"Jan 26, 2018","Twentieth Century Fox

"
753,Warcraft,"$24,166,110","$7,107",51%,"Jun 10, 2016","Universal Pictures

"
754,Con Air,"$24,131,738","$8,545",23.9%,"Jun 6, 1997","Walt Disney Studios Motion Pictures

"
755,Exodus: Gods and Kings,"$24,115,934","$6,884",37.1%,"Dec 12, 2014","Twentieth Century Fox

"
756,White Noise,"$24,113,565","$10,665",42.8%,"Jan 7, 2005","Universal Pictures

"
757,21,"$24,105,943","$9,103",29.7%,"Mar 28, 2008","Sony Pictures Releasing

"
758,Arrival,"$24,074,047","$10,390",23.9%,"Nov 11, 2016","Paramount Pictures

"
759,Tower Heist,"$24,025,190","$7,135",30.8%,"Nov 4, 2011","Universal Pictures

"
760,Pixels,"$24,011,616","$6,449",30.5%,"Jul 24, 2015","Sony Pictures Releasing

"
761,The Chronicles of Narnia: The Voyage of the Dawn Treader,"$24,005,069","$6,752",23%,"Dec 10, 2010","Twentieth Century Fox

"
762,Monster-in-Law,"$24,000,000","$7,009",28.9%,"May 13, 2005","New Line Cinema

"
763,The Fast and the Furious: Tokyo Drift,"$23,973,840","$7,920",38.4%,"Jun 16, 2006","Universal Pictures

"
764,Fahrenheit 9/11,"$23,920,637","$27,558",20.1%,"Jun 23, 2004","Lionsgate

"
765,Captain Underpants: The First Epic Movie,"$23,851,539","$6,945",32.3%,"Jun 2, 2017","Twentieth Century Fox

"
766,Bad Moms,"$23,817,340","$7,408",21%,"Jul 29, 2016","STX Entertainment

"
767,The Town,"$23,808,032","$8,321",25.8%,"Sep 17, 2010","Warner Bros.

"
768,How to Lose a Guy in 10 Days,"$23,774,850","$8,133",22.5%,"Feb 7, 2003","Paramount Pictures

"
769,Rise of the Guardians,"$23,773,465","$6,507",23%,"Nov 21, 2012","DreamWorks

"
770,Paul Blart: Mall Cop 2,"$23,762,435","$6,540",33.4%,"Apr 17, 2015","Sony Pictures Releasing

"
771,The Fugitive,"$23,758,855","$10,153",12.9%,"Aug 6, 1993","Warner Bros.

"
772,Diary of a Wimpy Kid: Rodrick Rules,"$23,751,502","$7,499",45.1%,"Mar 25, 2011","Twentieth Century Fox

"
773,17 Again,"$23,722,310","$7,287",37%,"Apr 17, 2009","Warner Bros.

"
774,Fury,"$23,702,421","$7,470",27.6%,"Oct 17, 2014","Sony Pictures Releasing

"
775,Resident Evil: Extinction,"$23,678,580","$8,372",46.8%,"Sep 21, 2007","Screen Gems

"
776,Tomb Raider,"$23,633,317","$6,132",40.6%,"Mar 16, 2018","Warner Bros.

"
777,Open Season,"$23,624,548","$6,163",27.8%,"Sep 29, 2006","Sony Pictures Releasing

"
778,Goosebumps,"$23,618,556","$6,746",29.5%,"Oct 16, 2015","Sony Pictures Releasing

"
779,The Boss,"$23,586,645","$6,777",37.3%,"Apr 8, 2016","Universal Pictures

"
780,Dinner for Schmucks,"$23,527,839","$8,082",32.2%,"Jul 30, 2010","DreamWorks

"
781,Mary Poppins Returns,"$23,523,121","$5,751",13.7%,"Dec 19, 2018","Walt Disney Studios Motion Pictures

"
782,Dracula Untold,"$23,514,615","$8,150",41.8%,"Oct 10, 2014","Universal Pictures

"
783,The Amityville Horror,"$23,507,007","$7,074",36%,"Apr 15, 2005","Metro-Goldwyn-Mayer (MGM)

"
784,Be Cool,"$23,450,212","$7,291",41.8%,"Mar 4, 2005","Metro-Goldwyn-Mayer (MGM)

"
785,I Can Do Bad All by Myself,"$23,446,785","$10,397",45.3%,"Sep 11, 2009","Lionsgate

"
786,Save the Last Dance,"$23,444,930","$10,513",25.8%,"Jan 12, 2001","Paramount Pictures

"
787,Once Upon a Time in Mexico,"$23,424,118","$7,137",41.6%,"Sep 12, 2003","Sony Pictures Releasing

"
788,Face/Off,"$23,387,530","$8,923",20.8%,"Jun 27, 1997","Paramount Pictures

"
789,The Taking of Pelham 123,"$23,373,102","$7,603",35.7%,"Jun 12, 2009","Sony Pictures Releasing

"
790,The Polar Express,"$23,323,463","$6,389",14.3%,"Nov 10, 2004","Warner Bros.

"
791,Mortal Kombat,"$23,283,887","$9,617",33%,"Aug 18, 1995","New Line Cinema

"
792,Pineapple Express,"$23,245,025","$7,566",26.6%,"Aug 6, 2008","Sony Pictures Releasing

"
793,Alvin and the Chipmunks: Chipwrecked,"$23,244,744","$6,243",17.5%,"Dec 16, 2011","Twentieth Century Fox

"
794,Eragon,"$23,239,907","$7,695",31%,"Dec 15, 2006","Twentieth Century Fox

"
795,This Is It,"$23,234,394","$6,674",32.2%,"Oct 28, 2009","Sony Pictures Releasing

"
796,Hellboy,"$23,172,440","$7,652",38.9%,"Apr 2, 2004","Revolution Studios

"
797,Double Jeopardy,"$23,162,542","$9,094",19.8%,"Sep 24, 1999","Paramount Pictures

"
798,The Mask,"$23,117,068","$9,795",19.3%,"Jul 29, 1994","New Line Cinema

"
799,Star Trek: Generations,"$23,116,394","$8,693",30.6%,"Nov 18, 1994","Paramount Pictures

"
800,Eat Pray Love,"$23,104,523","$7,496",28.7%,"Aug 13, 2010","Sony Pictures Releasing

"
801,The League of Extraordinary Gentlemen,"$23,075,892","$7,686",34.7%,"Jul 11, 2003","Twentieth Century Fox

"
802,Smallfoot,"$23,045,635","$5,578",27.7%,"Sep 28, 2018","Warner Bros.

"
803,Resident Evil: Apocalypse,"$23,036,273","$7,014",45%,"Sep 10, 2004","Screen Gems

"
804,Star Wars: Episode VI - Return of the Jedi,"$23,019,618","$22,973",9.1%,"May 25, 1983","Twentieth Century Fox

"
805,27 Dresses,"$23,007,725","$7,526",30%,"Jan 18, 2008","Twentieth Century Fox

"
806,The Haunting in Connecticut2009 Re-release,"$23,004,765","$8,420",41.5%,"Mar 27, 2009","Lionsgate

"
807,The Princess Diaries 2: Royal Engagement,"$22,956,453","$6,611",24.1%,"Aug 11, 2004","Walt Disney Studios Motion Pictures

"
808,The Game Plan,"$22,950,971","$7,396",25.3%,"Sep 28, 2007","Walt Disney Studios Motion Pictures

"
809,Vantage Point,"$22,874,936","$7,264",31.6%,"Feb 22, 2008","Sony Pictures Releasing

"
810,Jack Reacher: Never Go Back,"$22,872,490","$6,050",39%,"Oct 21, 2016","Paramount Pictures

"
811,The Princess Diaries,"$22,862,269","$9,011",21.1%,"Aug 3, 2001","Walt Disney Studios Motion Pictures

"
812,Mission to Mars,"$22,855,247","$7,483",37.5%,"Mar 10, 2000","Walt Disney Studios Motion Pictures

"
813,The Interpreter,"$22,822,455","$8,275",31.4%,"Apr 22, 2005","Universal Pictures

"
814,Jackass: The Movie,"$22,763,437","$9,072",35.4%,"Oct 25, 2002","Paramount Pictures

"
815,Man on Fire,"$22,751,490","$7,634",29.2%,"Apr 21, 2004","Twentieth Century Fox

"
816,Mulan,"$22,745,143","$7,875",18.9%,"Jun 19, 1998","Walt Disney Studios Motion Pictures

"
817,Rugrats in Paris: The Movie,"$22,718,184","$7,743",29.7%,"Nov 17, 2000","Paramount Pictures

"
818,Insidious: Chapter 3,"$22,692,741","$7,559",43.5%,"Jun 5, 2015","Focus Features

"
819,Unstoppable,"$22,688,457","$7,074",27.8%,"Nov 12, 2010","Twentieth Century Fox

"
820,Funny People,"$22,657,780","$7,535",43.7%,"Jul 31, 2009","Universal Pictures

"
821,Black Mass,"$22,635,037","$7,100",36.2%,"Sep 18, 2015","Warner Bros.

"
822,Poltergeist,"$22,620,386","$6,981",47.7%,"May 22, 2015","Twentieth Century Fox

"
823,The Time Machine,"$22,610,437","$7,680",39.8%,"Mar 8, 2002","DreamWorks Distribution

"
824,Bridge to Terabithia,"$22,564,612","$7,188",27.4%,"Feb 16, 2007","Walt Disney Studios Motion Pictures

"
825,Training Day,"$22,550,788","$8,315",29.4%,"Oct 5, 2001","Warner Bros.

"
826,Dick Tracy,"$22,543,911","$9,667",21.7%,"Jun 15, 1990","Walt Disney Studios Motion Pictures

"
827,Saw: The Final Chapter,"$22,530,123","$8,023",49.3%,"Oct 29, 2010","Lionsgate

"
828,The Mask of Zorro,"$22,525,855","$8,956",23.9%,"Jul 17, 1998","Sony Pictures Releasing

"
829,Heaven Is for Real,"$22,522,221","$9,318",24.6%,"Apr 16, 2014","TriStar Pictures

"
830,The Lucky One,"$22,518,358","$7,137",37.2%,"Apr 20, 2012","Warner Bros.

"
831,Shallow Hal,"$22,518,295","$8,129",31.8%,"Nov 9, 2001","Twentieth Century Fox

"
832,Star Wars: Episode I - The Phantom Menace2012 3D Release,"$22,469,932","$8,463",51.7%,"Feb 10, 2012","Twentieth Century Fox

"
833,Life of Pi,"$22,451,514","$7,670",18%,"Nov 21, 2012","Twentieth Century Fox

"
834,The Social Network,"$22,445,653","$8,100",23.2%,"Oct 1, 2010","Sony Pictures Releasing

"
835,The Patriot,"$22,413,710","$7,322",19.8%,"Jun 28, 2000","Sony Pictures Releasing

"
836,Contagion,"$22,403,596","$6,953",29.6%,"Sep 9, 2011","Warner Bros.

"
837,Now You See Me 2,"$22,383,146","$6,925",34.4%,"Jun 10, 2016","Lionsgate

"
838,Walk the Line,"$22,347,341","$7,547",18.7%,"Nov 18, 2005","Twentieth Century Fox

"
839,The General's Daughter,"$22,332,053","$7,819",21.7%,"Jun 18, 1999","Paramount Pictures

"
840,Planes,"$22,232,291","$6,005",24.6%,"Aug 9, 2013","Walt Disney Studios Motion Pictures

"
841,Disturbia,"$22,224,982","$7,598",27.7%,"Apr 13, 2007","DreamWorks

"
842,"Legally Blonde 2: Red, White & Blonde","$22,220,670","$6,633",24.6%,"Jul 2, 2003","Metro-Goldwyn-Mayer (MGM)

"
843,Monster House,"$22,217,226","$6,253",30.2%,"Jul 21, 2006","Sony Pictures Releasing

"
844,Freaky Friday,"$22,203,007","$7,516",20.1%,"Aug 6, 2003","Walt Disney Studios Motion Pictures

"
845,Kill Bill: Vol. 1,"$22,200,000","$7,156",31.7%,"Oct 10, 2003","Miramax

"
846,Die Hard with a Vengeance,"$22,162,245","$8,777",22.2%,"May 19, 1995","Twentieth Century Fox

"
847,Poseidon,"$22,155,410","$6,232",36.5%,"May 12, 2006","Warner Bros.

"
848,Diary of a Wimpy Kid,"$22,126,166","$7,190",34.6%,"Mar 19, 2010","Twentieth Century Fox

"
849,Ghost Rider: Spirit of Vengeance,"$22,115,334","$6,967",42.7%,"Feb 17, 2012","Sony Pictures Releasing

"
850,It's Complicated,"$22,100,820","$7,655",19.6%,"Dec 25, 2009","Universal Pictures

"
851,Ladder 49,"$22,088,204","$6,775",29.6%,"Oct 1, 2004","Walt Disney Studios Motion Pictures

"
852,Road to Perdition,"$22,079,481","$12,286",21.1%,"Jul 12, 2002","DreamWorks Distribution

"
853,Starship Troopers,"$22,058,773","$7,424",40.2%,"Nov 7, 1997","Sony Pictures Releasing

"
854,Star Trek: Insurrection,"$22,052,836","$8,417",31.4%,"Dec 11, 1998","Paramount Pictures

"
855,Chronicle,"$22,004,098","$7,569",34.1%,"Feb 3, 2012","Twentieth Century Fox

"
856,The Monuments Men,"$22,003,433","$7,137",28.2%,"Feb 7, 2014","Sony Pictures Releasing

"
857,Star Wars: Episode V - The Empire Strikes Back1997 Special Edition,"$21,975,993","$10,410",32.5%,"Feb 21, 1997","Twentieth Century Fox

"
858,Hide and Seek,"$21,959,233","$7,307",43%,"Jan 28, 2005","Twentieth Century Fox

"
859,Diary of a Mad Black Woman,"$21,905,089","$14,770",43.3%,"Feb 25, 2005","Lionsgate

"
860,Inspector Gadget,"$21,889,138","$7,778",22.5%,"Jul 23, 1999","Walt Disney Studios Motion Pictures

"
861,Unknown,"$21,856,389","$7,182",34.3%,"Feb 18, 2011","Warner Bros.

"
862,Stomp the Yard,"$21,833,312","$10,645",35.6%,"Jan 12, 2007","Screen Gems

"
863,Notting Hill,"$21,811,180","$7,940",18.8%,"May 28, 1999","Universal Pictures

"
864,Lara Croft Tomb Raider: The Cradle of Life,"$21,783,641","$6,760",33.2%,"Jul 25, 2003","Paramount Pictures

"
865,RED,"$21,761,408","$6,685",24.1%,"Oct 15, 2010","Summit Entertainment

"
866,Neighbors 2: Sorority Rising,"$21,760,405","$6,430",39.2%,"May 20, 2016","Universal Pictures

"
867,Underworld,"$21,753,759","$7,462",41.9%,"Sep 19, 2003","Screen Gems

"
868,Die Hard 2,"$21,744,661","$8,673",18.5%,"Jul 6, 1990","Twentieth Century Fox

"
869,Texas Chainsaw 3D,"$21,744,470","$8,193",63.3%,"Jan 4, 2013","Lionsgate

"
870,Garfield,"$21,727,611","$7,022",28.8%,"Jun 11, 2004","Twentieth Century Fox

"
871,Shaft,"$21,714,757","$9,291",30.9%,"Jun 16, 2000","Paramount Pictures

"
872,Cats & Dogs,"$21,707,617","$7,140",23.2%,"Jul 4, 2001","Warner Bros.

"
873,Eyes Wide Shut,"$21,706,163","$9,002",39%,"Jul 16, 1999","Warner Bros.

"
874,Spy Game,"$21,689,125","$7,830",34.8%,"Nov 21, 2001","Universal Pictures

"
875,Lights Out,"$21,688,103","$7,696",32.2%,"Jul 22, 2016","Warner Bros.

"
876,RoboCop,"$21,681,430","$6,429",37%,"Feb 12, 2014","Sony Pictures Releasing

"
877,My Best Friend's Wedding,"$21,678,377","$10,158",17%,"Jun 20, 1997","Sony Pictures Releasing

"
878,Bumblebee,"$21,654,047","$6,099",17%,"Dec 21, 2018","Paramount Pictures

"
879,Temptation: Confessions of a Marriage Counselor,"$21,641,679","$10,572",41.6%,"Mar 29, 2013","Lionsgate

"
880,London Has Fallen,"$21,635,601","$6,199",34.6%,"Mar 4, 2016","Focus Features

"
881,Little Man,"$21,613,176","$8,532",36.8%,"Jul 14, 2006","Revolution Studios

"
882,When a Stranger Calls,"$21,607,203","$7,204",45.2%,"Feb 3, 2006","Screen Gems

"
883,Fool's Gold,"$21,589,295","$6,908",30.7%,"Feb 8, 2008","Warner Bros.

"
884,Tammy,"$21,577,049","$6,227",25.5%,"Jul 2, 2014","Warner Bros.

"
885,Christmas with the Kranks,"$21,570,867","$6,357",29.2%,"Nov 24, 2004","Revolution Studios

"
886,"You, Me and Dupree","$21,525,560","$6,874",28.5%,"Jul 14, 2006","Universal Pictures

"
887,Pete's Dragon,"$21,514,095","$5,811",28.2%,"Aug 12, 2016","Walt Disney Studios Motion Pictures

"
888,American Reunion,"$21,514,080","$6,740",37.7%,"Apr 6, 2012","Universal Pictures

"
889,The 40-Year-Old Virgin,"$21,422,815","$7,529",19.6%,"Aug 19, 2005","Universal Pictures

"
890,The Stepford Wives,"$21,406,781","$7,002",36%,"Jun 11, 2004","Paramount Pictures

"
891,Good Boys,"$21,402,605","$6,679",25.8%,"Aug 16, 2019","Universal Pictures

"
892,Safe Haven,"$21,401,594","$6,640",30%,"Feb 14, 2013","Relativity Media

"
893,The Forbidden Kingdom,"$21,401,121","$6,791",41.1%,"Apr 18, 2008","Lionsgate

"
894,The Hitman's Bodyguard,"$21,384,504","$6,332",28.3%,"Aug 18, 2017","Lionsgate

"
895,Angel Has Fallen,"$21,380,987","$6,506",31%,"Aug 23, 2019","Lionsgate

"
896,Ice Age: Collision Course,"$21,373,064","$5,353",33.4%,"Jul 22, 2016","Twentieth Century Fox

"
897,Why Did I Get Married?,"$21,353,789","$10,618",38.7%,"Oct 12, 2007","Lionsgate

"
898,Turbo,"$21,312,625","$5,599",25.7%,"Jul 17, 2013","Twentieth Century Fox

"
899,Storks,"$21,311,407","$5,433",29.3%,"Sep 23, 2016","Warner Bros.

"
900,My Bloody Valentine,"$21,241,456","$8,382",41.2%,"Jan 16, 2009","Lionsgate

"
901,Happy Feet Two,"$21,237,068","$5,889",33.2%,"Nov 18, 2011","Warner Bros.

"
902,Boo 2! A Madea Halloween,"$21,226,953","$8,889",44.9%,"Oct 20, 2017","Lionsgate

"
903,Payback,"$21,221,526","$7,776",26%,"Feb 5, 1999","Paramount Pictures

"
904,Four Brothers,"$21,176,925","$8,360",28.4%,"Aug 12, 2005","Paramount Pictures

"
905,Waterworld,"$21,171,780","$9,335",24%,"Jul 28, 1995","Universal Pictures

"
906,The Adjustment Bureau,"$21,157,730","$7,449",33.8%,"Mar 4, 2011","Universal Pictures

"
907,The Hitchhiker's Guide to the Galaxy,"$21,103,203","$6,735",41.3%,"Apr 29, 2005","Walt Disney Studios Motion Pictures

"
908,Bride Wars,"$21,058,173","$6,527",35.9%,"Jan 9, 2009","Twentieth Century Fox

"
909,13 Going on 30,"$21,054,283","$6,123",36.8%,"Apr 23, 2004","Revolution Studios

"
910,Resident Evil: Retribution,"$21,052,227","$6,989",49.7%,"Sep 14, 2012","Screen Gems

"
911,Project X,"$21,051,363","$6,890",38.5%,"Mar 2, 2012","Warner Bros.

"
912,Law Abiding Citizen,"$21,039,502","$7,280",28.7%,"Oct 16, 2009","Overture Films

"
913,The Hunchback of Notre Dame,"$21,037,414","$7,572",21%,"Jun 21, 1996","Walt Disney Studios Motion Pictures

"
914,Valkyrie,"$21,027,007","$7,756",25.3%,"Dec 25, 2008","United Artists

"
915,The Forgotten,"$21,022,111","$6,772",31.3%,"Sep 24, 2004","Revolution Studios

"
916,Journey to the Center of the Earth,"$21,018,141","$7,477",20.7%,"Jul 11, 2008","Warner Bros.

"
917,The Strangers,"$20,997,985","$8,514",39.9%,"May 30, 2008","Rogue Pictures

"
918,Insomnia,"$20,930,169","$8,019",31.1%,"May 24, 2002","Warner Bros.

"
919,Scary Stories to Tell in the Dark,"$20,915,346","$6,671",30.3%,"Aug 9, 2019","Lionsgate

"
920,Remember the Titans,"$20,905,831","$11,209",18.1%,"Sep 29, 2000","Walt Disney Studios Motion Pictures

"
921,The Woman in Black,"$20,874,072","$7,311",38.4%,"Feb 3, 2012","CBS Films

"
922,Seabiscuit,"$20,854,735","$10,485",17.3%,"Jul 25, 2003","Universal Pictures

"
923,Underworld: Rise of the Lycans,"$20,828,511","$7,079",45.5%,"Jan 23, 2009","Screen Gems

"
924,The Grudge 2,"$20,825,300","$6,485",53.2%,"Oct 13, 2006","Sony Pictures Releasing

"
925,The Naked Gun 2½: The Smell of Fear,"$20,817,139","$8,754",24%,"Jun 28, 1991","Paramount Pictures

"
926,Prisoners,"$20,817,053","$6,385",34.1%,"Sep 20, 2013","Warner Bros.

"
927,Prom Night,"$20,804,941","$7,705",47.4%,"Apr 11, 2008","Screen Gems

"
928,Looper,"$20,801,552","$6,952",31.3%,"Sep 28, 2012","TriStar Pictures

"
929,This Is the End,"$20,719,162","$6,782",20.4%,"Jun 12, 2013","Sony Pictures Releasing

"
930,The Bounty Hunter,"$20,686,423","$6,729",30.8%,"Mar 19, 2010","Sony Pictures Releasing

"
931,Guess Who,"$20,671,446","$6,568",30%,"Mar 25, 2005","Sony Pictures Releasing

"
932,Step Up,"$20,659,573","$8,374",31.6%,"Aug 11, 2006","Walt Disney Studios Motion Pictures

"
933,The Wedding Ringer,"$20,649,306","$6,876",32%,"Jan 16, 2015","Screen Gems

"
934,Barbershop,"$20,627,433","$12,851",27.2%,"Sep 13, 2002","Metro-Goldwyn-Mayer (MGM)

"
935,1408,"$20,617,667","$7,698",28.6%,"Jun 22, 2007",-
936,Abominable,"$20,612,100","$4,859",34%,"Sep 27, 2019","Universal Pictures

"
937,Contact,"$20,584,908","$10,704",20.4%,"Jul 11, 1997","Warner Bros.

"
938,Deja Vu,"$20,574,802","$6,619",32.1%,"Nov 22, 2006","Walt Disney Studios Motion Pictures

"
939,Blockers,"$20,556,350","$6,083",34.1%,"Apr 6, 2018","Universal Pictures

"
940,Baby Driver,"$20,553,320","$6,371",19.1%,"Jun 28, 2017","TriStar Pictures

"
941,Gemini Man,"$20,552,372","$5,643",42.3%,"Oct 11, 2019","Paramount Pictures

"
942,End of Days,"$20,523,595","$7,915",30.7%,"Nov 24, 1999","Universal Pictures

"
943,Takers,"$20,512,304","$9,298",35.5%,"Aug 27, 2010","Screen Gems

"
944,Scary Movie 2,"$20,503,356","$6,367",28.8%,"Jul 4, 2001","Miramax

"
945,Notorious,"$20,497,596","$12,513",55.6%,"Jan 16, 2009","Fox Searchlight Pictures

"
946,Mrs. Doubtfire,"$20,468,847","$12,753",9.3%,"Nov 24, 1993","Twentieth Century Fox

"
947,The Lego Ninjago Movie,"$20,433,071","$5,048",34.5%,"Sep 22, 2017","Warner Bros.

"
948,Life,"$20,414,775","$7,869",31.9%,"Apr 16, 1999","Universal Pictures

"
949,Lethal Weapon 2,"$20,388,800","$11,308",13.8%,"Jul 7, 1989","Warner Bros.

"
950,Legally Blonde,"$20,377,426","$7,777",21.1%,"Jul 13, 2001","Metro-Goldwyn-Mayer (MGM)

"
951,The Last Exorcism,"$20,366,613","$7,086",49.6%,"Aug 27, 2010","Lionsgate

"
952,The Upside,"$20,355,000","$6,608",18.8%,"Jan 11, 2019","STX Entertainment

"
953,Warm Bodies,"$20,353,967","$6,764",30.7%,"Feb 1, 2013","Lionsgate

"
954,The Nutcracker and the Four Realms,"$20,352,491","$5,404",37.1%,"Nov 2, 2018","Walt Disney Studios Motion Pictures

"
955,Clear and Present Danger,"$20,348,017","$8,556",16.6%,"Aug 5, 1994","Paramount Pictures

"
956,John Q,"$20,275,194","$8,221",28.3%,"Feb 15, 2002","New Line Cinema

"
957,Annabelle Comes Home,"$20,269,723","$5,610",27.3%,"Jun 26, 2019","Warner Bros.

"
958,Friday Night Lights,"$20,269,025","$7,599",33.1%,"Oct 8, 2004","Universal Pictures

"
959,Pain & Gain,"$20,244,505","$6,177",40.6%,"Apr 26, 2013","Paramount Pictures

"
960,Barbershop: The Next Cut,"$20,242,415","$7,607",37.5%,"Apr 15, 2016","Warner Bros.

"
961,Deepwater Horizon,"$20,223,544","$6,205",32.9%,"Sep 30, 2016","Lionsgate

"
962,The Pink Panther,"$20,220,412","$5,815",24.6%,"Feb 10, 2006","Sony Pictures Releasing

"
963,We Were Soldiers,"$20,212,543","$6,430",25.9%,"Mar 1, 2002","Paramount Pictures

"
964,Eight Below,"$20,188,176","$6,584",24.7%,"Feb 17, 2006","Walt Disney Studios Motion Pictures

"
965,Rambo: First Blood Part II,"$20,176,217","$9,728",13.4%,"May 22, 1985","TriStar Pictures

"
966,What Happens in Vegas,"$20,172,474","$6,274",25.1%,"May 9, 2008","Twentieth Century Fox

"
967,Kicking & Screaming,"$20,159,925","$5,835",38.2%,"May 13, 2005","Universal Pictures

"
968,Lost in Space,"$20,154,919","$6,096",29.2%,"Apr 3, 1998","New Line Cinema

"
969,Silent Hill,"$20,152,598","$6,887",42.9%,"Apr 21, 2006","Sony Pictures Releasing

"
970,Entrapment,"$20,145,595","$7,159",23%,"Apr 30, 1999","Twentieth Century Fox

"
971,Knight and Day2010 Re-release,"$20,139,985","$6,500",26.4%,"Jun 23, 2010","Twentieth Century Fox

"
972,Bewitched,"$20,131,130","$6,342",31.8%,"Jun 24, 2005","Sony Pictures Releasing

"
973,xXx: Return of Xander Cage,"$20,130,142","$5,513",44.8%,"Jan 20, 2017","Paramount Pictures

"
974,Final Destination 3,"$20,125,000","$6,987",37.2%,"Feb 10, 2006","New Line Cinema

"
975,Beavis and Butt-Head Do America,"$20,114,233","$9,184",31.9%,"Dec 20, 1996","Paramount Pictures

"
976,The Mexican,"$20,108,829","$6,814",30.1%,"Mar 2, 2001","DreamWorks Distribution

"
977,Meet the Browns,"$20,082,809","$10,011",47.8%,"Mar 21, 2008","Lionsgate

"
978,Zookeeper,"$20,065,617","$5,762",25%,"Jul 8, 2011","Sony Pictures Releasing

"
979,Ray,"$20,039,730","$9,989",26.6%,"Oct 29, 2004","Universal Pictures

"
980,Enemy of the State,"$20,038,573","$8,373",18%,"Nov 20, 1998","Walt Disney Studios Motion Pictures

"
981,Teenage Mutant Ninja Turtles II: The Secret of the Ooze,"$20,030,473","$6,984",25.5%,"Mar 22, 1991","New Line Cinema

"
982,Julie & Julia,"$20,027,956","$8,508",21.3%,"Aug 7, 2009","Sony Pictures Releasing

"
983,The Manchurian Candidate,"$20,018,620","$6,982",30.4%,"Jul 30, 2004","Paramount Pictures

"
984,Rocky IV,"$19,991,537","$15,087",15.6%,"Nov 27, 1985","United Artists

"
985,Pitch Perfect 3,"$19,928,525","$5,781",19%,"Dec 22, 2017","Universal Pictures

"
986,102 Dalmatians,"$19,883,351","$7,353",29.7%,"Nov 22, 2000","Walt Disney Studios Motion Pictures

"
987,Ouija,"$19,875,995","$6,954",39.1%,"Oct 24, 2014","Universal Pictures

"
988,Kick-Ass,"$19,828,687","$6,469",41.2%,"Apr 16, 2010","Lionsgate

"
989,The Unborn,"$19,810,585","$8,405",46.4%,"Jan 9, 2009","Universal Pictures

"
990,The Cable Guy,"$19,806,226","$7,454",32.9%,"Jun 14, 1996","Sony Pictures Releasing

"
991,Spawn,"$19,738,749","$7,783",36%,"Aug 1, 1997","New Line Cinema

"
992,Hansel & Gretel: Witch Hunters,"$19,690,956","$5,839",35.4%,"Jan 25, 2013","Paramount Pictures

"
993,White Chicks,"$19,676,748","$7,218",27.8%,"Jun 23, 2004","Sony Pictures Releasing

"
994,The Grey,"$19,665,101","$6,174",38.1%,"Jan 27, 2012","Open Road Films (II)

"
995,The Benchwarmers,"$19,656,429","$6,003",32.8%,"Apr 7, 2006","Revolution Studios

"
996,No Strings Attached,"$19,652,921","$6,511",27.8%,"Jan 21, 2011","Paramount Pictures

"
997,Kingdom of Heaven,"$19,635,996","$6,105",41.4%,"May 6, 2005","Twentieth Century Fox

"
998,School of Rock,"$19,622,714","$7,506",24.2%,"Oct 3, 2003","Paramount Pictures

"
999,The Animal,"$19,610,520","$7,033",34%,"Jun 1, 2001","Revolution Studios

"
